season,week,game_id,gameday,player_id,player_name,position,team,opponent_team,is_home,spread_line,total_line,implied_team_total,depth_rank,likely_role,snap_pct_last,snap_pct_roll3,snap_pct_season,injury_status,injury_type,n_prior_games,n_prior_games_this_season,projection,low_80,high_80,model_projection,availability_note,game_status,actual_fp,scoring_profile,top_drivers
2026,3,2026_03_NYJ_DET,2026-09-27,00-0039139,Jahmyr Gibbs,RB,DET,NYJ,1,6.5,47.5,27.0,1.0,True,0.83,0.7599999999999999,0.7849999999999999,,,53,2,22.92,12.44,33.88,22.92,,upcoming,,ppr,fp_roll=25.7 (+6.6); fp_season_avg=28.5 (+5.5); team_rush_share=0.794 (+5.4)
2026,3,2026_03_BAL_DAL,2026-09-27,00-0034796,Lamar Jackson,QB,BAL,DAL,0,-3.5,53.5,28.5,1.0,True,1.0,1.0,1.0,,,134,2,22.69,12.21,33.65,22.69,,upcoming,,ppr,fp_roll=20.1 (+7.4); fp_season_avg=19.9 (+5.8); depth_rank_filled=1 (+5.0)
2026,3,2026_03_KC_MIA,2026-09-27,00-0038134,Kenneth Walker III,RB,KC,MIA,0,-10.5,45.5,28.0,1.0,True,0.82,0.64,0.75,,,68,2,22.22,11.74,33.18,22.22,,upcoming,,ppr,fp_roll=25.1 (+6.2); fp_season_avg=29 (+5.1); team_rush_share=0.624 (+4.9)
2026,3,2026_03_KC_MIA,2026-09-27,00-0033873,Patrick Mahomes,QB,KC,MIA,0,-10.5,45.5,28.0,1.0,True,1.0,0.9733333333333333,1.0,Full Participation in Practice,Knee,148,2,21.84,11.36,32.8,21.84,,upcoming,,ppr,fp_roll=21.2 (+6.8); fp_season_avg=25.3 (+5.3); depth_rank_filled=1 (+4.6)
2026,3,2026_03_ARI_SF,2026-09-27,00-0037834,Brock Purdy,QB,SF,ARI,1,8.5,47.5,28.0,1.0,True,0.85,0.9500000000000001,0.925,,,70,2,21.83,11.35,32.79,21.83,,upcoming,,ppr,fp_roll=18.3 (+7.0); fp_season_avg=24.8 (+5.7); depth_rank_filled=1 (+4.5)
2026,3,2026_03_LAC_BUF,2026-09-27,00-0034857,Josh Allen,QB,BUF,LAC,1,7.0,50.5,28.75,1.0,True,1.0,0.6699999999999999,1.0,,,134,2,21.81,11.33,32.77,21.81,,upcoming,,ppr,fp_roll=25.5 (+7.5); fp_season_avg=38.2 (+5.6); depth_rank_filled=1 (+4.8)
2026,3,2026_03_NYJ_DET,2026-09-27,00-0033106,Jared Goff,QB,DET,NYJ,1,6.5,47.5,27.0,1.0,True,1.0,1.0,1.0,,,166,2,20.44,9.96,31.4,20.44,,upcoming,,ppr,fp_roll=20.5 (+6.2); depth_rank_filled=1 (+4.9); fp_season_avg=23.1 (+4.1)
2026,3,2026_03_NYJ_DET,2026-09-27,00-0036963,Amon-Ra St. Brown,WR,DET,NYJ,1,6.5,47.5,27.0,1.0,True,0.95,0.9333333333333332,0.925,,,87,2,20.13,9.66,31.09,20.13,,upcoming,,ppr,fp_roll=29.6 (+3.2); implied_team_total=27 (+2.9); depth_rank_filled=1 (+1.9)
2026,3,2026_03_BAL_DAL,2026-09-27,00-0032764,Derrick Henry,RB,BAL,DAL,0,-3.5,53.5,28.5,1.0,True,0.53,0.5933333333333334,0.535,,,158,2,19.92,9.44,30.88,19.92,,upcoming,,ppr,fp_roll=21.9 (+6.0); fp_season_avg=26.5 (+4.6); team_rush_share=0.706 (+4.2)
2026,3,2026_03_LV_NO,2026-09-27,00-0040743,Tyler Shough,QB,NO,LV,1,3.0,43.5,23.25,1.0,True,1.0,1.0,1.0,,,19,2,19.09,8.61,30.05,19.09,,upcoming,,ppr,fp_roll=22.4 (+5.3); depth_rank_filled=1 (+4.0); fp_season_avg=22.8 (+3.1)
2026,3,2026_03_BAL_DAL,2026-09-27,00-0033077,Dak Prescott,QB,DAL,BAL,1,-3.5,53.5,25.0,1.0,True,1.0,0.8366666666666666,1.0,,,149,2,18.91,8.43,29.86,18.91,,upcoming,,ppr,fp_roll=15 (+4.8); fp_season_avg=22.1 (+4.8); depth_rank_filled=1 (+3.8)
2026,3,2026_03_MIN_TB,2026-09-27,00-0036322,Justin Jefferson,WR,MIN,TB,0,-1.5,42.5,22.0,1.0,True,1.0,0.8933333333333332,0.96,,,96,2,17.98,7.5,28.94,17.98,,upcoming,,ppr,fp_roll=19.4 (+2.0); fp_season_avg=19.9 (+1.6); team_target_share=0.362 (+1.5)
2026,3,2026_03_PHI_CHI,2026-09-28,00-0036389,Jalen Hurts,QB,PHI,CHI,0,-4.5,41.5,23.0,1.0,True,1.0,1.0,1.0,,,103,2,17.43,6.95,28.39,17.43,,upcoming,,ppr,fp_roll=13.6 (+4.9); fp_season_avg=20.4 (+4.6); depth_rank_filled=1 (+3.9)
2026,3,2026_03_ATL_GB,2026-09-24,00-0036264,Jordan Love,QB,GB,ATL,1,4.5,43.5,24.0,1.0,True,1.0,0.7866666666666666,1.0,,,102,2,17.3,6.82,28.26,17.3,,played,18.48,ppr,fp_season_avg=16.6 (+4.1); depth_rank_filled=1 (+3.3); snap_pct_last=1 (+3.1)
2026,3,2026_03_LV_NO,2026-09-27,00-0040122,Ashton Jeanty,RB,LV,NO,0,3.0,43.5,20.25,1.0,True,0.81,0.84,0.775,,,19,2,17.13,6.65,28.08,17.13,,upcoming,,ppr,fp_roll=18.5 (+3.5); fp_season_avg=21.5 (+3.1); team_rush_share=0.743 (+2.2)
2026,3,2026_03_BAL_DAL,2026-09-27,00-0036997,Javonte Williams,RB,DAL,BAL,1,-3.5,53.5,25.0,1.0,True,0.8,0.5933333333333334,0.755,,,73,2,17.04,6.56,28.0,17.04,,upcoming,,ppr,snap_pct_last=0.8 (+3.6); fp_season_avg=16.1 (+3.2); fp_roll=14.5 (+3.0)
2026,3,2026_03_LV_NO,2026-09-27,00-0037239,Chris Olave,WR,NO,LV,1,3.0,43.5,23.25,1.0,True,0.84,0.8700000000000001,0.85,,,62,2,16.96,6.48,27.92,16.96,,upcoming,,ppr,fp_roll=16.9 (+3.7); rec_roll=9 (+2.1); snap_pct_roll3=0.87 (+1.2)
2026,3,2026_03_SEA_WAS,2026-09-27,00-0038543,Jaxon Smith-Njigba,WR,SEA,WAS,0,-7.5,40.5,24.0,1.0,True,0.67,0.7999999999999999,0.785,,,53,2,16.42,5.94,27.38,16.42,,upcoming,,ppr,fp_roll=27.7 (+3.4); depth_rank_filled=1 (+1.4); team_target_share=0.396 (+1.2)
2026,3,2026_03_CIN_PIT,2026-09-27,00-0036442,Joe Burrow,QB,CIN,PIT,0,-3.5,42.5,23.0,1.0,True,1.0,0.9966666666666667,1.0,,,80,2,16.15,5.67,27.1,16.15,,upcoming,,ppr,fp_roll=17.2 (+3.8); depth_rank_filled=1 (+2.9); snap_pct_last=1 (+2.6)
2026,3,2026_03_NE_JAX,2026-09-27,00-0036971,Trevor Lawrence,QB,JAX,NE,1,3.0,46.5,24.75,1.0,True,1.0,0.8999999999999999,0.94,,,82,2,16.13,5.65,27.09,16.13,,upcoming,,ppr,depth_rank_filled=1 (+3.5); fp_roll=18.5 (+3.3); fp_season_avg=16.1 (+2.0)
2026,3,2026_03_HOU_IND,2026-09-27,00-0039163,C.J. Stroud,QB,HOU,IND,0,-1.5,42.5,22.0,1.0,True,1.0,0.8833333333333333,1.0,,,53,2,16.08,5.6,27.04,16.08,,upcoming,,ppr,fp_roll=16.9 (+3.3); depth_rank_filled=1 (+2.8); snap_pct_last=1 (+2.1)
2026,3,2026_03_NE_JAX,2026-09-27,00-0038606,Parker Washington,WR,JAX,NE,1,3.0,46.5,24.75,1.0,True,0.81,0.7200000000000001,0.71,,,48,2,16.06,5.58,27.02,16.06,,upcoming,,ppr,fp_roll=18.6 (+2.7); fp_season_avg=18.1 (+2.3); team_target_share=0.34 (+0.9)
2026,3,2026_03_ATL_GB,2026-09-24,00-0038542,Bijan Robinson,RB,ATL,GB,0,4.5,43.5,19.5,1.0,True,0.51,0.7066666666666667,0.64,,,53,2,15.87,5.39,26.83,15.87,,played,35.3,ppr,fp_roll=16.6 (+2.1); fp_season_avg=21.2 (+1.6); team_rush_share=0.592 (+1.6)
2026,3,2026_03_KC_MIA,2026-09-27,00-0030506,Travis Kelce,TE,KC,MIA,0,-10.5,45.5,28.0,1.0,True,0.85,0.7866666666666666,0.78,,,167,2,15.63,5.15,26.59,15.63,,upcoming,,ppr,fp_season_avg=17.6 (+4.0); implied_team_total=28 (+3.1); fp_roll=13.1 (+3.0)
2026,3,2026_03_LV_NO,2026-09-27,00-0029604,Kirk Cousins,QB,LV,NO,0,3.0,43.5,20.25,1.0,True,1.0,1.0,1.0,,,157,2,15.57,5.09,26.53,15.57,,upcoming,,ppr,depth_rank_filled=1 (+2.6); snap_pct_last=1 (+2.4); fp_roll=14.4 (+2.4)
2026,3,2026_03_CAR_CLE,2026-09-27,00-0033537,Deshaun Watson,QB,CLE,CAR,1,-2.5,42.5,20.0,1.0,True,1.0,1.0,1.0,,,96,2,15.55,5.07,26.51,15.55,,upcoming,,ppr,fp_season_avg=16.9 (+3.2); snap_pct_last=1 (+2.8); depth_rank_filled=1 (+2.7)
2026,3,2026_03_ATL_GB,2026-09-24,00-0038124,Christian Watson,WR,GB,ATL,1,4.5,43.5,24.0,1.0,True,0.9,0.7600000000000001,0.8300000000000001,,,64,2,15.49,5.01,26.45,15.49,,played,22.6,ppr,fp_roll=15.6 (+2.8); depth_rank_filled=1 (+2.2); fp_season_avg=23.4 (+2.2)
2026,3,2026_03_LA_DEN,2026-09-27,00-0026498,Matthew Stafford,QB,LA,DEN,0,-2.5,44.5,23.5,1.0,True,1.0,0.9333333333333332,0.9199999999999999,,,159,2,15.43,4.95,26.39,15.43,,upcoming,,ppr,fp_roll=19.2 (+3.7); depth_rank_filled=1 (+2.7); snap_pct_last=1 (+2.1)
2026,3,2026_03_CAR_CLE,2026-09-27,00-0039150,Bryce Young,QB,CAR,CLE,0,-2.5,42.5,22.5,1.0,True,0.94,0.9466666666666667,0.9199999999999999,,,53,2,15.41,4.93,26.37,15.41,,upcoming,,ppr,fp_roll=24 (+4.3); depth_rank_filled=1 (+3.2); snap_pct_last=0.94 (+1.4)
2026,3,2026_03_CAR_CLE,2026-09-27,00-0036555,Chuba Hubbard,RB,CAR,CLE,0,-2.5,42.5,22.5,1.0,True,0.65,0.6033333333333334,0.6799999999999999,,,85,2,15.28,4.81,26.24,15.28,,upcoming,,ppr,fp_roll=13.9 (+3.3); fp_season_avg=19.1 (+3.0); depth_rank_filled=1 (+1.4)
2026,3,2026_03_LAC_BUF,2026-09-27,00-0037248,James Cook,RB,BUF,LAC,1,7.0,50.5,28.75,1.0,True,0.74,0.49666666666666676,0.73,,,69,2,15.22,4.74,26.18,15.22,,upcoming,,ppr,fp_season_avg=15.4 (+3.6); fp_roll=10.8 (+2.6); snap_pct_last=0.74 (+1.9)
2026,3,2026_03_PHI_CHI,2026-09-28,00-0036912,DeVonta Smith,WR,PHI,CHI,0,-4.5,41.5,23.0,1.0,True,0.88,0.6566666666666666,0.915,,,87,2,15.15,4.67,26.11,15.15,,upcoming,,ppr,fp_roll=14.7 (+3.3); fp_season_avg=18 (+2.7); snap_pct_last=0.88 (+1.5)
2026,3,2026_03_CIN_PIT,2026-09-27,00-0038597,Chase Brown,RB,CIN,PIT,0,-3.5,42.5,23.0,1.0,True,0.7,0.66,0.71,,,49,2,15.08,4.6,26.04,15.08,,upcoming,,ppr,team_rush_share=0.661 (+2.3); fp_roll=16.3 (+2.2); snap_pct_last=0.7 (+2.1)
2026,3,2026_03_ARI_SF,2026-09-27,00-0033280,Christian McCaffrey,RB,SF,ARI,1,8.5,47.5,28.0,1.0,True,0.52,0.6433333333333334,0.535,Did Not Participate In Practice,Not injury related - resting player,125,2,14.91,4.43,25.87,14.91,,upcoming,,ppr,fp_roll=16 (+8.3); injury_severity=3 (-4.8); implied_team_total=28 (+4.4)
2026,3,2026_03_BAL_DAL,2026-09-27,00-0036358,CeeDee Lamb,WR,DAL,BAL,1,-3.5,53.5,25.0,1.0,True,0.75,0.6699999999999999,0.78,,,101,2,14.73,4.25,25.69,14.73,,upcoming,,ppr,fp_roll=17.4 (+2.8); depth_rank_filled=1 (+1.9); snap_pct_last=0.75 (+0.7)
2026,3,2026_03_ARI_SF,2026-09-27,00-0037744,Trey McBride,TE,ARI,SF,0,8.5,47.5,19.5,1.0,True,0.88,0.8766666666666666,0.8400000000000001,,,70,2,14.72,4.24,25.68,14.72,,upcoming,,ppr,team_target_share=0.341 (+2.2); fp_roll=18.7 (+2.1); rec_roll=8 (+1.3)
2026,3,2026_03_LAC_BUF,2026-09-27,00-0036355,Justin Herbert,QB,LAC,BUF,0,7.0,50.5,21.75,1.0,True,1.0,1.0,1.0,,,99,2,14.5,4.03,25.46,14.5,,upcoming,,ppr,snap_pct_last=1 (+5.1); fp_season_avg=10.6 (+4.7); depth_rank_filled=1 (+2.6)
2026,3,2026_03_MIN_TB,2026-09-27,00-0039361,Bucky Irving,RB,TB,MIN,1,-1.5,42.5,20.5,1.0,True,0.78,0.6733333333333333,0.6950000000000001,,,36,2,14.49,4.01,25.44,14.49,,upcoming,,ppr,snap_pct_last=0.78 (+2.1); fp_season_avg=16.6 (+2.0); fp_roll=14.7 (+1.7)
2026,3,2026_03_NE_JAX,2026-09-27,00-0039851,Drake Maye,QB,NE,JAX,0,3.0,46.5,21.75,1.0,True,1.0,0.9199999999999999,1.0,,,36,2,14.42,3.94,25.38,14.42,,upcoming,,ppr,depth_rank_filled=1 (+3.5); snap_pct_last=1 (+3.0); team_rush_share=0.172 (+2.3)
2026,3,2026_03_PHI_CHI,2026-09-28,00-0039918,Caleb Williams,QB,CHI,PHI,1,-4.5,41.5,18.5,1.0,True,0.86,0.9533333333333333,0.9299999999999999,,,36,2,14.31,3.83,25.27,14.31,,upcoming,,ppr,fp_roll=20.5 (+3.5); implied_team_total=18.5 (-2.5); depth_rank_filled=1 (+1.9)
2026,3,2026_03_NYJ_DET,2026-09-27,00-0038120,Breece Hall,RB,NYJ,DET,0,6.5,47.5,20.5,1.0,True,0.65,0.57,0.615,,,60,2,14.28,3.8,25.24,14.28,,upcoming,,ppr,fp_season_avg=17 (+2.4); team_rush_share=0.386 (+1.9); fp_roll=11.3 (+1.7)
2026,3,2026_03_ARI_SF,2026-09-27,00-0033119,Jacoby Brissett,QB,ARI,SF,0,8.5,47.5,19.5,1.0,True,1.0,1.0,1.0,Full Participation in Practice,Hip,157,2,14.26,3.78,25.21,14.26,,upcoming,,ppr,snap_pct_last=1 (+3.7); team_rush_share=0.145 (+2.7); fp_season_avg=11.5 (+2.4)
2026,3,2026_03_NYJ_DET,2026-09-27,00-0030565,Geno Smith,QB,NYJ,DET,0,6.5,47.5,20.5,1.0,True,1.0,0.9666666666666667,1.0,,,158,2,14.04,3.56,25.0,14.04,,upcoming,,ppr,snap_pct_last=1 (+4.2); depth_rank_filled=1 (+2.7); fp_season_avg=12.4 (+2.5)
2026,3,2026_03_HOU_IND,2026-09-27,00-0036223,Jonathan Taylor,RB,IND,HOU,1,-1.5,42.5,20.5,1.0,True,0.94,0.7833333333333332,0.915,Limited Participation in Practice,Not injury related - resting player,95,2,13.98,3.5,24.94,13.98,,upcoming,,ppr,injury_severity=2 (-2.8); fp_season_avg=27.2 (+2.5); fp_roll=20.1 (+2.3)
2026,3,2026_03_CIN_PIT,2026-09-27,00-0036900,Ja'Marr Chase,WR,CIN,PIT,0,-3.5,42.5,23.0,1.0,True,0.88,0.94,0.9099999999999999,,,85,2,13.93,3.45,24.89,13.93,,upcoming,,ppr,fp_roll=17.8 (+2.2); snap_pct_last=0.88 (+1.7); snap_pct_season=0.91 (+0.8)
2026,3,2026_03_MIN_TB,2026-09-27,00-0034855,Baker Mayfield,QB,TB,MIN,1,-1.5,42.5,20.5,1.0,True,1.0,1.0,1.0,Full Participation in Practice,Illness,133,2,13.82,3.34,24.78,13.82,,upcoming,,ppr,snap_pct_last=1 (+3.4); fp_season_avg=11.9 (+2.5); depth_rank_filled=1 (+2.4)
2026,3,2026_03_LA_DEN,2026-09-27,00-0037840,Kyren Williams,RB,LA,DEN,0,-2.5,44.5,23.5,1.0,True,0.55,0.6066666666666666,0.595,,,59,2,13.79,3.32,24.75,13.79,,upcoming,,ppr,fp_roll=14.1 (+2.5); snap_pct_last=0.55 (+1.5); fp_season_avg=15.6 (+1.4)
2026,3,2026_03_NYJ_DET,2026-09-27,00-0039065,Sam LaPorta,TE,DET,NYJ,1,6.5,47.5,27.0,1.0,True,0.98,0.85,0.895,,,45,2,13.79,3.31,24.75,13.79,,upcoming,,ppr,fp_season_avg=13.5 (+3.3); snap_pct_last=0.98 (+2.5); implied_team_total=27 (+1.3)
2026,3,2026_03_LAC_BUF,2026-09-27,00-0040666,Omarion Hampton,RB,LAC,BUF,0,7.0,50.5,21.75,1.0,True,0.63,0.6733333333333333,0.605,,,12,2,13.78,3.3,24.74,13.78,,upcoming,,ppr,team_rush_share=0.43 (+2.3); fp_season_avg=12.9 (+1.7); snap_pct_last=0.63 (+1.6)
2026,3,2026_03_LA_DEN,2026-09-27,00-0039732,Bo Nix,QB,DEN,LA,1,-2.5,44.5,21.0,1.0,True,1.0,1.0,1.0,,,36,2,13.6,4.94,24.04,13.6,,upcoming,,ppr,snap_pct_last=1 (+3.1); depth_rank_filled=1 (+2.7); team_rush_share=0.212 (+2.4)
2026,3,2026_03_NYJ_DET,2026-09-27,00-0037740,Garrett Wilson,WR,NYJ,DET,0,6.5,47.5,20.5,1.0,True,0.88,0.6733333333333333,0.815,,,62,2,13.55,4.89,23.99,13.55,,upcoming,,ppr,fp_season_avg=15.3 (+2.9); snap_pct_last=0.88 (+1.9); fp_roll=10.2 (+1.4)
2026,3,2026_03_ATL_GB,2026-09-24,00-0040667,Matthew Golden,WR,GB,ATL,1,4.5,43.5,24.0,3.0,True,0.86,0.8933333333333332,0.84,,,19,2,13.49,4.83,23.93,13.49,,played,21.0,ppr,fp_season_avg=12.7 (+3.2); snap_pct_last=0.86 (+2.9); team_target_share=0.269 (+2.4)
2026,3,2026_03_PHI_CHI,2026-09-28,00-0036275,D'Andre Swift,RB,CHI,PHI,1,-4.5,41.5,18.5,1.0,True,0.68,0.61,0.625,,,103,2,13.47,4.81,23.9,13.47,,upcoming,,ppr,fp_roll=17 (+2.6); implied_team_total=18.5 (-2.0); snap_pct_last=0.68 (+1.3)
2026,3,2026_03_CAR_CLE,2026-09-27,00-0041037,Denzel Boston,WR,CLE,CAR,1,-2.5,42.5,20.0,1.0,True,0.93,0.925,0.925,,,2,2,13.38,4.72,23.82,13.38,,upcoming,,ppr,snap_pct_last=0.93 (+2.1); fp_roll=17.2 (+2.0); implied_team_total=20 (-1.2)
2026,3,2026_03_SEA_WAS,2026-09-27,00-0035704,Drew Lock,QB,SEA,WAS,0,-7.5,40.5,24.0,2.0,True,1.0,0.6766666666666667,0.95,,,107,2,13.38,4.72,23.81,13.38,,upcoming,,ppr,fp_season_avg=17.1 (+5.5); fp_roll=11.4 (+3.9); snap_pct_last=1 (+2.3)
2026,3,2026_03_LV_NO,2026-09-27,00-0039424,Devaughn Vele,WR,NO,LV,1,3.0,43.5,23.25,2.0,True,0.96,0.8066666666666666,0.935,,,33,2,13.19,4.53,23.63,13.19,,upcoming,,ppr,snap_pct_last=0.96 (+1.6); fp_roll=14.4 (+1.6); fp_season_avg=15.6 (+1.3)
2026,3,2026_03_HOU_IND,2026-09-27,00-0035685,David Montgomery,RB,HOU,IND,0,-1.5,42.5,22.0,1.0,True,0.52,0.4766666666666666,0.505,,,115,2,12.99,4.33,23.43,12.99,,upcoming,,ppr,fp_roll=13.3 (+2.2); fp_season_avg=16.6 (+1.5); team_rush_share=0.418 (+1.3)
2026,3,2026_03_KC_MIA,2026-09-27,00-0038128,Malik Willis,QB,MIA,KC,1,-10.5,45.5,17.5,1.0,True,1.0,0.9433333333333334,1.0,,,70,2,12.99,4.33,23.43,12.99,,upcoming,,ppr,implied_team_total=17.5 (-3.6); snap_pct_last=1 (+2.8); fp_roll=9.73 (+2.1)
2026,3,2026_03_TEN_NYG,2026-09-27,00-0040676,Cam Ward,QB,TEN,NYG,0,2.5,38.5,18.0,1.0,True,1.0,0.6966666666666667,1.0,,,19,2,12.94,4.28,23.37,12.94,,upcoming,,ppr,implied_team_total=18 (-3.2); snap_pct_last=1 (+1.9); fp_roll=13.6 (+1.9)
2026,3,2026_03_ATL_GB,2026-09-24,00-0039917,Michael Penix Jr.,QB,ATL,GB,0,4.5,43.5,19.5,1.0,True,0.62,0.8733333333333334,0.0,Full Participation in Practice,Knee,29,2,12.83,4.17,23.27,12.83,,played,14.04,ppr,depth_rank_filled=1 (+8.6); snap_games_season=0 (+4.5); team_qb_fp_roll=4.97 (+2.2)
2026,3,2026_03_HOU_IND,2026-09-27,00-0035710,Daniel Jones,QB,IND,HOU,1,-1.5,42.5,20.5,1.0,True,1.0,0.7433333333333333,1.0,,,97,2,12.82,4.16,23.25,12.82,,upcoming,,ppr,snap_pct_last=1 (+4.1); fp_season_avg=10.2 (+2.5); depth_rank_filled=1 (+2.5)
2026,3,2026_03_TEN_NYG,2026-09-27,00-0040715,Cam Skattebo,RB,NYG,TEN,1,2.5,38.5,20.5,1.0,True,0.59,0.47,0.6,,,10,2,12.55,3.9,22.99,12.55,,upcoming,,ppr,team_rush_share=0.4 (+2.2); snap_pct_last=0.59 (+1.9); fp_roll=11.2 (+1.6)
2026,3,2026_03_BAL_DAL,2026-09-27,00-0036550,Rashod Bateman,WR,BAL,DAL,0,-3.5,53.5,28.5,2.0,True,0.93,0.7466666666666667,0.855,,,73,2,12.5,3.84,22.93,12.5,,upcoming,,ppr,snap_pct_last=0.93 (+3.7); fp_season_avg=10.9 (+2.9); snap_pct_season=0.855 (+0.9)
2026,3,2026_03_NE_JAX,2026-09-27,00-0036875,Rhamondre Stevenson,RB,NE,JAX,0,3.0,46.5,21.75,1.0,True,0.36,0.5599999999999999,0.605,,,84,2,12.44,3.79,22.88,12.44,,upcoming,,ppr,fp_roll=17.8 (+3.0); depth_rank_filled=1 (+2.4); team_rush_share=0.334 (+1.2)
2026,3,2026_03_MIN_TB,2026-09-27,00-0032950,Carson Wentz,QB,MIN,TB,0,-1.5,42.5,22.0,2.0,True,1.0,0.9033333333333333,0.915,,,138,2,12.38,3.72,22.81,12.38,,upcoming,,ppr,fp_season_avg=12.8 (+4.5); snap_pct_last=1 (+4.0); fp_roll=11.1 (+2.7)
2026,3,2026_03_KC_MIA,2026-09-27,00-0039040,De'Von Achane,RB,MIA,KC,1,-10.5,45.5,17.5,1.0,True,0.76,0.79,0.81,,,49,2,12.33,3.67,22.77,12.33,,upcoming,,ppr,snap_pct_last=0.76 (+2.1); fp_season_avg=11.4 (+1.6); team_rush_share=0.442 (+1.5)
2026,3,2026_03_MIN_TB,2026-09-27,00-0040129,Emeka Egbuka,WR,TB,MIN,1,-1.5,42.5,20.5,1.0,True,0.86,0.7666666666666666,0.86,,,19,2,12.28,3.62,22.72,12.28,,upcoming,,ppr,snap_pct_last=0.86 (+2.9); fp_season_avg=10.8 (+1.6); snap_pct_season=0.86 (+0.8)
2026,3,2026_03_LV_NO,2026-09-27,00-0038563,Tre Tucker,WR,LV,NO,0,3.0,43.5,20.25,1.0,True,0.59,0.7599999999999999,0.6499999999999999,,,53,2,12.21,3.55,22.64,12.21,,upcoming,,ppr,fp_roll=11 (+1.4); fp_season_avg=13.8 (+1.3); snap_pct_last=0.59 (+0.9)
2026,3,2026_03_CIN_PIT,2026-09-27,00-0023459,Aaron Rodgers,QB,PIT,CIN,1,-3.5,42.5,19.5,1.0,True,0.96,0.9866666666666667,0.98,,,144,2,12.13,3.47,22.56,12.13,,upcoming,,ppr,depth_rank_filled=1 (+2.6); snap_pct_last=0.96 (+2.3); fp_roll=11.4 (+1.8)
2026,3,2026_03_NE_JAX,2026-09-27,00-0040719,Bhayshul Tuten,RB,JAX,NE,1,3.0,46.5,24.75,1.0,True,0.51,0.42,0.5,,,19,2,12.06,3.4,22.49,12.06,,upcoming,,ppr,team_rush_share=0.411 (+2.8); snap_pct_last=0.51 (+1.3); fp_roll=10.8 (+1.1)
2026,3,2026_03_CAR_CLE,2026-09-27,00-0040784,Quinshon Judkins,RB,CLE,CAR,1,-2.5,42.5,20.0,1.0,True,0.67,0.57,0.66,,,16,2,12.05,3.39,22.49,12.05,,upcoming,,ppr,team_rush_share=0.442 (+1.9); snap_pct_last=0.67 (+1.0); fp_season_avg=8.4 (+0.9)
2026,3,2026_03_CIN_PIT,2026-09-27,00-0036410,Tee Higgins,WR,CIN,PIT,0,-3.5,42.5,23.0,2.0,True,0.72,0.77,0.72,,,102,2,12.0,3.34,22.44,12.0,,upcoming,,ppr,snap_pct_last=0.72 (+2.1); team_target_share=0.245 (+1.7); fp_season_avg=11.7 (+1.4)
2026,3,2026_03_CAR_CLE,2026-09-27,00-0040124,Tetairoa McMillan,WR,CAR,CLE,0,-2.5,42.5,22.5,1.0,True,0.8,0.8333333333333334,0.81,,,19,2,11.99,3.33,22.42,11.99,,upcoming,,ppr,snap_pct_last=0.8 (+2.2); fp_season_avg=12.8 (+1.8); fp_roll=12.7 (+0.7)
2026,3,2026_03_KC_MIA,2026-09-27,00-0039067,Rashee Rice,WR,KC,MIA,0,-10.5,45.5,28.0,1.0,True,0.79,0.8233333333333333,0.81,Full Participation in Practice,Knee,32,2,11.89,3.23,22.33,11.89,,upcoming,,ppr,snap_pct_last=0.79 (+2.9); fp_season_avg=11.1 (+1.8); depth_rank_filled=1 (+0.9)
2026,3,2026_03_LAC_BUF,2026-09-27,00-0038933,Dalton Kincaid,TE,BUF,LAC,1,7.0,50.5,28.75,1.0,True,0.66,0.5033333333333333,0.69,,,53,2,11.78,3.12,22.21,11.78,,upcoming,,ppr,fp_roll=16.1 (+2.6); implied_team_total=28.8 (+2.3); fp_season_avg=20.2 (+1.5)
2026,3,2026_03_BAL_DAL,2026-09-27,00-0034753,Mark Andrews,TE,BAL,DAL,0,-3.5,53.5,28.5,1.0,True,0.71,0.6733333333333333,0.715,,,127,2,11.78,3.12,22.22,11.78,,upcoming,,ppr,team_target_share=0.223 (+2.2); snap_pct_last=0.71 (+1.8); total_line=53.5 (+1.6)
2026,3,2026_03_HOU_IND,2026-09-27,00-0038997,Josh Downs,WR,IND,HOU,1,-1.5,42.5,20.5,1.0,True,0.83,0.7833333333333333,0.86,,,53,2,11.67,3.01,22.11,11.67,,upcoming,,ppr,snap_pct_last=0.83 (+1.6); fp_roll=9.83 (+0.8); team_rush_share=0.0119 (+0.8)
2026,3,2026_03_LA_DEN,2026-09-27,00-0031381,Davante Adams,WR,LA,DEN,0,-2.5,44.5,23.5,2.0,True,0.65,0.55,0.595,,,166,2,11.64,2.98,22.08,11.64,,upcoming,,ppr,fp_roll=15 (+3.4); fp_season_avg=22.6 (+2.0); snap_games_season=2 (-0.8)
2026,3,2026_03_CIN_PIT,2026-09-27,00-0035640,DK Metcalf,WR,PIT,CIN,1,-3.5,42.5,19.5,1.0,True,0.97,0.9366666666666665,0.965,,,117,2,11.57,2.91,22.01,11.57,,upcoming,,ppr,snap_pct_last=0.97 (+2.3); fp_roll=7.63 (+1.6); snap_pct_season=0.965 (+1.0)
2026,3,2026_03_ARI_SF,2026-09-27,00-0035719,Deebo Samuel Sr.,WR,SF,ARI,1,8.5,47.5,28.0,2.0,True,0.6,0.5766666666666665,0.51,,,115,2,11.49,2.83,21.92,11.49,,upcoming,,ppr,team_target_share=0.229 (+2.0); fp_season_avg=12.2 (+1.3); snap_pct_last=0.6 (+1.2)
2026,3,2026_03_TEN_NYG,2026-09-27,00-0037838,Isaiah Likely,TE,NYG,TEN,1,2.5,38.5,20.5,1.0,True,0.69,0.5566666666666666,0.59,,,70,2,11.47,2.81,21.9,11.47,,upcoming,,ppr,fp_season_avg=18.1 (+2.7); fp_roll=13.8 (+2.2); team_target_share=0.235 (+1.4)
2026,3,2026_03_ARI_SF,2026-09-27,00-0038559,Michael Wilson,WR,ARI,SF,0,8.5,47.5,19.5,1.0,True,0.94,0.9066666666666667,0.895,,,53,2,11.44,2.78,21.87,11.44,,upcoming,,ppr,fp_roll=11.8 (+2.1); snap_pct_last=0.94 (+1.7); snap_pct_season=0.895 (+0.7)
2026,3,2026_03_NYJ_DET,2026-09-27,00-0039890,Adonai Mitchell,WR,NYJ,DET,0,6.5,47.5,20.5,2.0,True,0.82,0.6766666666666667,0.7549999999999999,,,37,2,11.41,2.75,21.85,11.41,,upcoming,,ppr,snap_pct_last=0.82 (+3.7); fp_season_avg=10.7 (+2.4); fp_roll=7.1 (+0.9)
2026,3,2026_03_HOU_IND,2026-09-27,00-0040128,Tyler Warren,TE,IND,HOU,1,-1.5,42.5,20.5,1.0,True,0.89,0.88,0.91,,,19,2,11.4,2.74,21.83,11.4,,upcoming,,ppr,snap_pct_last=0.89 (+1.7); fp_season_avg=12.4 (+1.0); implied_team_total=20.5 (-0.9)
2026,3,2026_03_ATL_GB,2026-09-24,00-0037238,Drake London,WR,ATL,GB,0,4.5,43.5,19.5,1.0,True,0.62,0.8466666666666667,0.8,,,70,2,11.38,2.72,21.82,11.38,,played,28.4,ppr,implied_team_total=19.5 (-1.1); depth_rank_filled=1 (+1.1); fp_roll=10.7 (+1.0)
2026,3,2026_03_NYJ_DET,2026-09-27,00-0037240,Jameson Williams,WR,DET,NYJ,1,6.5,47.5,27.0,2.0,True,0.97,0.9199999999999999,0.905,,,53,2,11.34,2.68,21.77,11.34,,upcoming,,ppr,snap_pct_last=0.97 (+2.4); team_target_share=0.186 (+1.4); snap_pct_season=0.905 (+1.0)
2026,3,2026_03_KC_MIA,2026-09-27,00-0039894,Xavier Worthy,WR,KC,MIA,0,-10.5,45.5,28.0,2.0,True,0.86,0.8066666666666666,0.815,,,36,2,11.02,2.36,21.46,11.02,,upcoming,,ppr,snap_pct_last=0.86 (+2.5); fp_season_avg=9.15 (+1.8); targets_roll=6.5 (+0.8)
2026,3,2026_03_MIN_TB,2026-09-27,00-0033921,Chris Godwin Jr.,WR,TB,MIN,1,-1.5,42.5,20.5,2.0,True,0.86,0.8066666666666666,0.86,,,138,2,10.94,2.28,21.37,10.94,,upcoming,,ppr,snap_pct_last=0.86 (+2.4); fp_season_avg=8.55 (+2.2); snap_pct_season=0.86 (+0.8)
2026,3,2026_03_KC_MIA,2026-09-27,00-0039880,Malik Washington,WR,MIA,KC,1,-10.5,45.5,17.5,1.0,True,0.73,0.8033333333333333,0.855,,,36,2,10.85,2.19,21.29,10.85,,upcoming,,ppr,fp_roll=8.93 (+1.4); team_rush_share=0.0386 (+1.2); snap_pct_last=0.73 (+1.2)
2026,3,2026_03_CAR_CLE,2026-09-27,00-0039491,Jalen Coker,WR,CAR,CLE,0,-2.5,42.5,22.5,2.0,True,0.76,0.84,0.8,Limited Participation in Practice,Ankle,27,2,10.55,1.89,20.98,10.55,,upcoming,,ppr,injury_severity=2 (-2.0); fp_roll=21.7 (+1.5); team_qb_fp_roll=24 (-1.4)
2026,3,2026_03_PHI_CHI,2026-09-28,00-0038393,Dontayvion Wicks,WR,PHI,CHI,0,-4.5,41.5,23.0,2.0,True,0.62,0.5300000000000001,0.765,,,53,2,10.41,1.75,20.85,10.41,,upcoming,,ppr,fp_season_avg=13.9 (+3.1); fp_roll=9.23 (+1.6); snap_pct_last=0.62 (+0.6)
2026,3,2026_03_SEA_WAS,2026-09-27,00-0031588,Stefon Diggs,WR,WAS,SEA,1,-7.5,40.5,16.5,2.0,True,0.51,0.5333333333333333,0.5700000000000001,,,157,2,10.4,1.74,20.84,10.4,,upcoming,,ppr,fp_roll=14.8 (+2.4); implied_team_total=16.5 (-1.5); fp_season_avg=18.6 (+1.3)
2026,3,2026_03_LV_NO,2026-09-27,00-0036973,Travis Etienne,RB,NO,LV,1,3.0,43.5,23.25,1.0,True,0.54,0.5633333333333334,0.565,Limited Participation in Practice,Hamstring,70,2,10.34,1.68,20.77,10.34,,upcoming,,ppr,injury_severity=2 (-2.5); team_rush_share=0.413 (+1.9); fp_season_avg=10.9 (+1.9)
2026,3,2026_03_ARI_SF,2026-09-27,00-0041027,Jeremiyah Love,RB,ARI,SF,0,8.5,47.5,19.5,1.0,True,0.4,0.41500000000000004,0.41500000000000004,,,2,2,10.29,1.63,20.73,10.29,,upcoming,,ppr,team_rush_share=0.426 (+2.0); fp_roll=10.2 (+1.2); depth_rank_filled=1 (+0.8)
2026,3,2026_03_BAL_DAL,2026-09-27,00-0039064,Zay Flowers,WR,BAL,DAL,0,-3.5,53.5,28.5,1.0,True,0.29,0.65,0.29,Did Not Participate In Practice,Hamstring,53,2,10.11,2.62,19.65,10.11,,upcoming,,ppr,fp_roll=18.6 (+5.1); depth_rank_filled=1 (+2.7); fp_season_avg=13 (+1.0)
2026,3,2026_03_PHI_CHI,2026-09-28,00-0040236,Kyle Monangai,RB,CHI,PHI,1,-4.5,41.5,18.5,2.0,True,0.34,0.39666666666666667,0.385,,,19,2,10.03,2.54,19.57,10.03,,upcoming,,ppr,fp_season_avg=14.1 (+2.8); fp_roll=11.4 (+2.3); team_rush_share=0.304 (+1.4)
2026,3,2026_03_CIN_PIT,2026-09-27,00-0037228,Jaylen Warren,RB,PIT,CIN,1,-3.5,42.5,19.5,1.0,True,0.71,0.48333333333333334,0.54,Limited Participation in Practice,Shoulder,70,2,10.0,2.5,19.53,10.0,,upcoming,,ppr,injury_severity=2 (-2.5); fp_season_avg=10 (+1.5); snap_pct_last=0.71 (+1.3)
2026,3,2026_03_NE_JAX,2026-09-27,00-0040734,TreVeyon Henderson,RB,NE,JAX,0,3.0,46.5,21.75,2.0,True,0.6,0.5100000000000001,0.6,,,19,2,9.86,2.37,19.4,9.86,,upcoming,,ppr,team_rush_share=0.318 (+1.9); snap_pct_last=0.6 (+1.5); fp_season_avg=6.8 (+0.9)
2026,3,2026_03_HOU_IND,2026-09-27,00-0038618,Xavier Hutchinson,WR,HOU,IND,0,-1.5,42.5,22.0,2.0,True,0.81,0.7200000000000001,0.685,,,53,2,9.8,2.31,19.34,9.8,,upcoming,,ppr,snap_pct_last=0.81 (+1.7); team_target_share=0.221 (+1.2); fp_roll=8.77 (+1.1)
2026,3,2026_03_BAL_DAL,2026-09-27,00-0037247,George Pickens,WR,DAL,BAL,1,-3.5,53.5,25.0,2.0,True,0.76,0.6833333333333332,0.8,,,70,2,9.79,2.3,19.33,9.79,,upcoming,,ppr,snap_pct_last=0.76 (+1.8); fp_season_avg=7.9 (+1.4); fp_roll=5.9 (+0.5)
2026,3,2026_03_BAL_DAL,2026-09-27,00-0039410,Ryan Flournoy,WR,DAL,BAL,1,-3.5,53.5,25.0,3.0,True,0.76,0.7799999999999999,0.735,,,36,2,9.72,2.23,19.26,9.72,,upcoming,,ppr,team_target_share=0.21 (+2.2); snap_pct_last=0.76 (+1.7); total_line=53.5 (+1.1)
2026,3,2026_03_MIN_TB,2026-09-27,00-0038129,Cade Otton,TE,TB,MIN,1,-1.5,42.5,20.5,1.0,True,0.89,0.9433333333333334,0.935,,,70,2,9.62,2.13,19.16,9.62,,upcoming,,ppr,snap_pct_last=0.89 (+2.1); opp_pos_fp_allowed=3.17 (-1.2); snap_pct_season=0.935 (+1.1)
2026,3,2026_03_CAR_CLE,2026-09-27,00-0041547,KC Concepcion,WR,CLE,CAR,1,-2.5,42.5,20.0,2.0,True,0.66,0.675,0.675,,,2,2,9.4,1.91,18.94,9.4,,upcoming,,ppr,team_target_share=0.214 (+0.8); snap_pct_last=0.66 (+0.7); fp_season_avg=8 (+0.5)
2026,3,2026_03_LAC_BUF,2026-09-27,00-0039915,Ladd McConkey,WR,LAC,BUF,0,7.0,50.5,21.75,1.0,True,0.46,0.6133333333333333,0.475,Full Participation in Practice,Rib,36,2,9.4,1.91,18.94,9.4,,upcoming,,ppr,fp_season_avg=12.9 (+1.1); depth_rank_filled=1 (+0.8); fp_roll=8.57 (-0.6)
2026,3,2026_03_LA_DEN,2026-09-27,00-0036613,Jaylen Waddle,WR,DEN,LA,1,-2.5,44.5,21.0,1.0,True,0.61,0.5366666666666666,0.6799999999999999,,,86,2,9.39,1.9,18.93,9.39,,upcoming,,ppr,snap_pct_last=0.61 (+0.8); depth_rank_filled=1 (+0.6); snap_pct_season=0.68 (+0.5)
2026,3,2026_03_HOU_IND,2026-09-27,00-0040583,Woody Marks,RB,HOU,IND,0,-1.5,42.5,22.0,2.0,True,0.48,0.4833333333333334,0.495,,,19,2,9.39,1.9,18.93,9.39,,upcoming,,ppr,team_rush_share=0.346 (+2.6); fp_season_avg=6.75 (+2.0); snap_pct_last=0.48 (+1.2)
2026,3,2026_03_TEN_NYG,2026-09-27,00-0038117,Wan'Dale Robinson,WR,TEN,NYG,0,2.5,38.5,18.0,2.0,True,0.53,0.6999999999999998,0.675,,,62,2,9.38,1.89,18.92,9.38,,upcoming,,ppr,fp_roll=11 (+1.8); team_target_share=0.252 (+1.4); snap_pct_last=0.53 (+1.2)
2026,3,2026_03_NYJ_DET,2026-09-27,00-0039451,Isaiah Williams,WR,NYJ,DET,0,6.5,47.5,20.5,3.0,True,0.82,0.6466666666666666,0.71,,,32,2,9.36,1.87,18.9,9.36,,upcoming,,ppr,snap_pct_last=0.82 (+2.1); fp_season_avg=6.25 (+1.8); fp_roll=6.63 (+0.9)
2026,3,2026_03_HOU_IND,2026-09-27,00-0034383,Dalton Schultz,TE,HOU,IND,0,-1.5,42.5,22.0,1.0,True,0.68,0.6333333333333334,0.67,Did Not Participate In Practice,Not injury related - resting player,135,2,9.3,1.81,18.84,9.3,,upcoming,,ppr,fp_roll=14.9 (+5.1); injury_severity=3 (-3.1); injury_analog_delta=-2.7 (-1.9)
2026,3,2026_03_SEA_WAS,2026-09-27,00-0037256,Rachaad White,RB,WAS,SEA,1,-7.5,40.5,16.5,2.0,True,0.52,0.42,0.46499999999999997,,,70,2,9.29,1.79,18.82,9.29,,upcoming,,ppr,team_rush_share=0.201 (+1.8); fp_season_avg=9.5 (+1.5); snap_pct_last=0.52 (+1.2)
2026,3,2026_03_ARI_SF,2026-09-27,00-0037263,Tyler Allgeier,RB,ARI,SF,0,8.5,47.5,19.5,2.0,True,0.64,0.5333333333333333,0.615,,,70,2,9.25,1.76,18.79,9.25,,upcoming,,ppr,team_rush_share=0.358 (+2.3); fp_season_avg=6.45 (+1.8); snap_pct_last=0.64 (+1.3)
2026,3,2026_03_LV_NO,2026-09-27,00-0039066,Michael Mayer,TE,LV,NO,0,3.0,43.5,20.25,2.0,True,0.84,0.8666666666666667,0.825,,,48,2,9.18,1.69,18.72,9.18,,upcoming,,ppr,snap_pct_last=0.84 (+2.4); team_target_share=0.191 (+1.6); snap_pct_roll3=0.867 (+0.7)
2026,3,2026_03_ATL_GB,2026-09-24,00-0037746,Brian Robinson,RB,ATL,GB,0,4.5,43.5,19.5,2.0,True,0.48,0.29,0.365,Full Participation in Practice,Ankle,66,2,9.15,1.66,18.69,9.15,,played,11.0,ppr,team_rush_share=0.267 (+2.2); snap_pct_last=0.48 (+1.3); fp_season_avg=5.9 (+1.3)
2026,3,2026_03_PHI_CHI,2026-09-28,00-0032464,Kalif Raymond,WR,CHI,PHI,1,-4.5,41.5,18.5,3.0,True,0.62,0.47000000000000003,0.61,,,120,2,9.06,1.57,18.6,9.06,,upcoming,,ppr,fp_season_avg=12.7 (+1.5); snap_pct_last=0.62 (+1.4); fp_roll=11.2 (+0.5)
2026,3,2026_03_PHI_CHI,2026-09-28,00-0040126,Colston Loveland,TE,CHI,PHI,1,-4.5,41.5,18.5,1.0,True,0.86,0.88,0.865,,,19,2,9.04,1.55,18.58,9.04,,upcoming,,ppr,fp_roll=8.8 (+2.6); snap_pct_last=0.86 (+1.5); team_target_share=0.208 (+1.0)
2026,3,2026_03_CIN_PIT,2026-09-27,00-0036894,Pat Freiermuth,TE,PIT,CIN,1,-3.5,42.5,19.5,1.0,True,0.66,0.6933333333333334,0.6950000000000001,,,83,2,9.02,1.53,18.56,9.02,,upcoming,,ppr,snap_pct_last=0.66 (+1.0); injury_analog_delta=-1.75 (-0.8); team_rush_share=0.0145 (+0.7)
2026,3,2026_03_MIN_TB,2026-09-27,00-0035229,T.J. Hockenson,TE,MIN,TB,0,-1.5,42.5,22.0,1.0,True,0.69,0.7000000000000001,0.675,,,102,2,8.97,1.48,18.51,8.97,,upcoming,,ppr,fp_season_avg=9.75 (+2.1); snap_pct_last=0.69 (+1.6); depth_rank_filled=1 (+0.6)
2026,3,2026_03_ARI_SF,2026-09-27,00-0033288,George Kittle,TE,SF,ARI,1,8.5,47.5,28.0,1.0,True,0.48,0.63,0.47,,,137,2,8.96,1.47,18.5,8.96,,upcoming,,ppr,fp_roll=9.7 (-1.2); injury_analog_delta=-1.75 (-1.1); team_target_share=0.214 (+1.0)
2026,3,2026_03_LA_DEN,2026-09-27,00-0039738,Blake Corum,RB,LA,DEN,0,-2.5,44.5,23.5,2.0,True,0.45,0.3366666666666667,0.34,,,36,2,8.93,1.43,18.46,8.93,,upcoming,,ppr,team_rush_share=0.398 (+2.0); fp_season_avg=7.8 (+1.7); carries_roll=11.7 (+0.7)
2026,3,2026_03_SEA_WAS,2026-09-27,00-0040242,Jacory Croskey-Merritt,RB,WAS,SEA,1,-7.5,40.5,16.5,1.0,True,0.37,0.4066666666666667,0.43,,,19,2,8.91,1.41,18.45,8.91,,upcoming,,ppr,team_rush_share=0.397 (+1.5); fp_season_avg=9.2 (+1.1); carries_roll=13.7 (+0.9)
2026,3,2026_03_CAR_CLE,2026-09-27,00-0040663,Harold Fannin Jr.,TE,CLE,CAR,1,-2.5,42.5,20.0,1.0,True,0.86,0.6366666666666666,0.84,,,19,2,8.88,1.38,18.41,8.88,,upcoming,,ppr,snap_pct_last=0.86 (+1.9); fp_season_avg=7.25 (+1.4); snap_pct_season=0.84 (+0.8)
2026,3,2026_03_NE_JAX,2026-09-27,00-0033090,Hunter Henry,TE,NE,JAX,0,3.0,46.5,21.75,1.0,True,0.91,0.75,0.835,,,146,2,8.88,1.39,18.42,8.88,,upcoming,,ppr,snap_pct_last=0.91 (+2.1); injury_analog_delta=-1.75 (-0.9); fp_roll=7.73 (+0.8)
2026,3,2026_03_LAC_BUF,2026-09-27,00-0040727,Tre Harris,WR,LAC,BUF,0,7.0,50.5,21.75,3.0,True,0.82,0.8466666666666667,0.7849999999999999,,,19,2,8.77,1.28,18.31,8.77,,upcoming,,ppr,snap_pct_last=0.82 (+1.8); team_target_share=0.165 (+1.3); fp_season_avg=5.65 (+1.2)
2026,3,2026_03_NE_JAX,2026-09-27,00-0038935,Brenton Strange,TE,JAX,NE,1,3.0,46.5,24.75,1.0,True,0.83,0.71,0.755,,,48,2,8.67,1.18,18.21,8.67,,upcoming,,ppr,snap_pct_last=0.83 (+1.9); injury_analog_delta=-1.75 (-1.2); depth_rank_filled=1 (+0.7)
2026,3,2026_03_TEN_NYG,2026-09-27,00-0041438,Carnell Tate,WR,TEN,NYG,0,2.5,38.5,18.0,1.0,True,0.75,0.815,0.815,,,2,2,8.58,1.09,18.12,8.58,,upcoming,,ppr,snap_pct_last=0.75 (+1.3); implied_team_total=18 (-0.7); fp_season_avg=6.75 (+0.7)
2026,3,2026_03_ATL_GB,2026-09-24,00-0038996,Tucker Kraft,TE,GB,ATL,1,4.5,43.5,24.0,1.0,True,0.98,0.71,0.8200000000000001,,,44,2,8.46,0.97,18.0,8.46,,played,6.6,ppr,snap_pct_last=0.98 (+2.0); fp_season_avg=6.5 (+1.1); snap_pct_season=0.82 (+0.7)
2026,3,2026_03_LAC_BUF,2026-09-27,00-0037261,Khalil Shakir,WR,BUF,LAC,1,7.0,50.5,28.75,2.0,True,0.49,0.6,0.51,,,69,2,8.35,0.86,17.89,8.35,,upcoming,,ppr,fp_season_avg=7.9 (+1.6); targets_roll=6 (+1.2); snap_pct_last=0.49 (+0.8)
2026,3,2026_03_LAC_BUF,2026-09-27,00-0034827,DJ Moore,WR,BUF,LAC,1,7.0,50.5,28.75,1.0,True,0.31,0.64,0.535,Limited Participation in Practice,Shoulder,134,2,8.31,0.82,17.85,8.31,,upcoming,,ppr,depth_rank_filled=1 (+2.2); fp_season_avg=10.4 (+1.3); implied_team_total=28.8 (+0.9)
2026,3,2026_03_PHI_CHI,2026-09-28,00-0040735,Luther Burden III,WR,CHI,PHI,1,-4.5,41.5,18.5,2.0,True,0.57,0.64,0.6499999999999999,,,19,2,8.23,0.74,17.77,8.23,,upcoming,,ppr,snap_pct_last=0.57 (+0.5); team_rush_share=0.0271 (+0.4); team_target_share=0.188 (+0.4)
2026,3,2026_03_TEN_NYG,2026-09-27,00-0041042,Malachi Fields,WR,NYG,TEN,1,2.5,38.5,20.5,2.0,True,0.81,0.765,0.765,,,2,2,8.2,0.71,17.74,8.2,,upcoming,,ppr,snap_pct_last=0.81 (+1.2); snap_pct_season=0.765 (+0.9); team_target_share=0.163 (+0.9)
2026,3,2026_03_ARI_SF,2026-09-27,00-0031408,Mike Evans,WR,SF,ARI,1,8.5,47.5,28.0,1.0,True,0.54,0.68,0.645,Did Not Participate In Practice,Hip,157,2,8.19,0.7,17.73,8.19,,upcoming,,ppr,fp_roll=10.2 (+3.3); injury_severity=3 (-1.9); depth_rank_filled=1 (+1.3)
2026,3,2026_03_LA_DEN,2026-09-27,00-0039075,Puka Nacua,WR,LA,DEN,0,-2.5,44.5,23.5,1.0,True,0.7,0.71,0.7,Did Not Participate In Practice,Hip,48,2,8.15,0.66,17.69,8.15,,upcoming,,ppr,fp_roll=12.8 (+4.5); injury_severity=3 (-4.2); team_rush_share=0.0215 (-2.0)
2026,3,2026_03_TEN_NYG,2026-09-27,00-0031503,Jameis Winston,QB,NYG,TEN,1,2.5,38.5,20.5,1.0,True,0.88,0.6366666666666667,0.88,,,154,2,8.08,0.59,17.62,8.08,,upcoming,,ppr,depth_rank_filled=1 (+5.1); snap_games_season=1 (+2.3); team_rush_share=0.0317 (+1.0)
2026,3,2026_03_NE_JAX,2026-09-27,00-0037816,Romeo Doubs,WR,NE,JAX,0,3.0,46.5,21.75,1.0,True,0.67,0.6,0.615,,,69,2,8.06,0.57,17.6,8.06,,upcoming,,ppr,snap_pct_last=0.67 (+1.0); depth_rank_filled=1 (+0.6); fp_season_avg=6.3 (+0.6)
2026,3,2026_03_ARI_SF,2026-09-27,00-0033307,Kendrick Bourne,WR,ARI,SF,0,8.5,47.5,19.5,3.0,True,0.6,0.5966666666666667,0.635,,,136,2,8.0,0.5,17.53,8.0,,upcoming,,ppr,fp_season_avg=9.3 (+2.5); snap_pct_last=0.6 (+0.7); snap_pct_season=0.635 (+0.6)
2026,3,2026_03_LAC_BUF,2026-09-27,00-0038544,Quentin Johnston,WR,LAC,BUF,0,7.0,50.5,21.75,2.0,True,0.81,0.7799999999999999,0.795,,,53,2,7.99,0.5,17.53,7.99,,upcoming,,ppr,snap_pct_last=0.81 (+0.8); snap_pct_season=0.795 (+0.8); targets_roll=5.5 (+0.7)
2026,3,2026_03_PHI_CHI,2026-09-28,00-0039919,Rome Odunze,WR,CHI,PHI,1,-4.5,41.5,18.5,1.0,True,0.84,0.7066666666666667,0.6599999999999999,,,36,2,7.96,0.47,17.5,7.96,,upcoming,,ppr,snap_pct_last=0.84 (+1.3); fp_season_avg=7.25 (+1.2); fp_roll=4.83 (+0.6)
2026,3,2026_03_CIN_PIT,2026-09-27,00-0039739,Roman Wilson,WR,PIT,CIN,1,-3.5,42.5,19.5,3.0,True,0.79,0.4933333333333334,0.67,,,27,2,7.84,0.35,17.38,7.84,,upcoming,,ppr,fp_season_avg=6.7 (+2.0); snap_pct_last=0.79 (+1.7); targets_roll=6 (+0.6)
2026,3,2026_03_LV_NO,2026-09-27,00-0036040,Juwan Johnson,TE,NO,LV,1,3.0,43.5,23.25,1.0,True,0.53,0.7066666666666667,0.685,,,93,2,7.82,0.33,17.36,7.82,,upcoming,,ppr,injury_analog_delta=-1.75 (-1.2); fp_roll=10.7 (-1.2); snap_pct_last=0.53 (+0.6)
2026,3,2026_03_CIN_PIT,2026-09-27,00-0033526,Samaje Perine,RB,CIN,PIT,0,-3.5,42.5,23.0,2.0,True,0.4,0.38999999999999996,0.34,,,140,2,7.79,0.3,17.33,7.79,,upcoming,,ppr,team_rush_share=0.197 (+2.1); fp_season_avg=5.6 (+1.3); fp_roll=6.47 (+0.5)
2026,3,2026_03_SEA_WAS,2026-09-27,00-0041040,Antonio Williams,WR,WAS,SEA,1,-7.5,40.5,16.5,3.0,True,0.49,0.43,0.43,,,2,2,7.78,0.29,17.32,7.78,,upcoming,,ppr,fp_season_avg=10.9 (+1.8); snap_pct_last=0.49 (+0.9); fp_roll=10.9 (+0.4)
2026,3,2026_03_NE_JAX,2026-09-27,00-0039893,Brian Thomas Jr.,WR,JAX,NE,1,3.0,46.5,24.75,2.0,True,0.54,0.48666666666666664,0.445,,,36,2,7.77,0.27,17.3,7.77,,upcoming,,ppr,team_target_share=0.199 (+0.9); fp_roll=7.3 (+0.8); snap_pct_last=0.54 (+0.5)
2026,3,2026_03_TEN_NYG,2026-09-27,00-0040170,Elic Ayomanor,WR,TEN,NYG,0,2.5,38.5,18.0,4.0,True,0.53,0.6633333333333334,0.525,,,19,2,7.74,0.24,17.28,7.74,,upcoming,,ppr,fp_season_avg=8.5 (+1.6); depth_rank_filled=4 (-0.6); snap_pct_last=0.53 (+0.5)
2026,3,2026_03_LA_DEN,2026-09-27,00-0034348,Courtland Sutton,WR,DEN,LA,1,-2.5,44.5,21.0,2.0,True,0.73,0.7566666666666667,0.745,,,121,2,7.74,0.25,17.28,7.74,,upcoming,,ppr,snap_pct_last=0.73 (+1.0); snap_pct_season=0.745 (+0.8); team_target_share=0.138 (+0.7)
2026,3,2026_03_SEA_WAS,2026-09-27,00-0039793,AJ Barner,TE,SEA,WAS,0,-7.5,40.5,24.0,1.0,True,0.8,0.7633333333333333,0.8400000000000001,,,36,2,7.67,0.18,17.21,7.67,,upcoming,,ppr,snap_pct_last=0.8 (+1.8); fp_season_avg=5.6 (+1.0); snap_pct_season=0.84 (+0.8)
2026,3,2026_03_NE_JAX,2026-09-27,00-0033555,Mack Hollins,WR,NE,JAX,0,3.0,46.5,21.75,3.0,True,0.71,0.6900000000000001,0.705,,,134,2,7.63,0.14,17.17,7.63,,upcoming,,ppr,snap_pct_last=0.71 (+1.2); depth_rank_filled=3 (-0.9); team_target_share=0.157 (+0.6)
2026,3,2026_03_ATL_GB,2026-09-24,00-0038685,Chris Brooks,RB,GB,ATL,1,4.5,43.5,24.0,2.0,True,0.46,0.48999999999999994,0.51,,,43,2,7.6,0.11,17.14,7.6,,played,1.4,ppr,team_rush_share=0.309 (+2.4); fp_season_avg=3.25 (+0.6); fp_roll=4.2 (+0.6)
2026,3,2026_03_ATL_GB,2026-09-24,00-0037741,Jahan Dotson,WR,ATL,GB,0,4.5,43.5,19.5,2.0,True,0.75,0.7733333333333333,0.69,,,70,2,7.54,0.05,17.08,7.54,,played,2.1,ppr,snap_pct_last=0.75 (+0.9); team_qb_fp_roll=4.97 (+0.6); implied_team_total=19.5 (-0.4)
2026,3,2026_03_MIN_TB,2026-09-27,00-0041048,Ted Hurst III,WR,TB,MIN,1,-1.5,42.5,20.5,4.0,True,0.74,0.745,0.745,,,2,2,7.43,-0.06,16.97,7.43,,upcoming,,ppr,fp_season_avg=5.65 (+1.3); snap_pct_last=0.74 (+1.2); depth_rank_filled=4 (-1.0)
2026,3,2026_03_BAL_DAL,2026-09-27,00-0038041,Jake Ferguson,TE,DAL,BAL,1,-3.5,53.5,25.0,1.0,True,0.6,0.6533333333333333,0.6799999999999999,,,70,2,7.41,-0.08,16.95,7.41,,upcoming,,ppr,fp_roll=8.13 (-1.6); injury_analog_delta=-1.75 (-1.1); opp_pos_fp_allowed=3.45 (-0.9)
2026,3,2026_03_SEA_WAS,2026-09-27,00-0038797,Emanuel Wilson,RB,SEA,WAS,0,-7.5,40.5,24.0,2.0,True,0.41,0.34,0.235,,,47,2,7.35,-0.14,16.89,7.35,,upcoming,,ppr,team_rush_share=0.377 (+2.3); fp_season_avg=4.75 (+0.8); fp_roll=5.1 (+0.5)
2026,3,2026_03_TEN_NYG,2026-09-27,00-0040584,Gunnar Helm,TE,TEN,NYG,0,2.5,38.5,18.0,1.0,True,0.87,0.7366666666666667,0.815,,,19,2,7.33,-0.16,16.87,7.33,,upcoming,,ppr,snap_pct_last=0.87 (+1.5); snap_pct_season=0.815 (+0.9); team_target_share=0.0987 (+0.6)
2026,3,2026_03_TEN_NYG,2026-09-27,00-0036309,Darnell Mooney,WR,NYG,TEN,1,2.5,38.5,20.5,3.0,True,0.72,0.7066666666666667,0.645,,,98,2,7.17,1.33,15.65,7.17,,upcoming,,ppr,fp_season_avg=5.75 (+1.3); snap_pct_last=0.72 (+0.8); team_target_share=0.132 (+0.8)
2026,3,2026_03_PHI_CHI,2026-09-28,00-0038555,Tank Bigsby,RB,PHI,CHI,0,-4.5,41.5,23.0,2.0,True,0.34,0.3466666666666667,0.225,,,53,2,7.16,1.31,15.63,7.16,,upcoming,,ppr,team_rush_share=0.429 (+1.7); fp_roll=9.9 (+1.1); spread_line=-4.5 (-0.3)
2026,3,2026_03_ATL_GB,2026-09-24,00-0039811,MarShawn Lloyd,RB,GB,ATL,1,4.5,43.5,24.0,1.0,True,0.27,0.355,0.355,,,4,2,7.15,1.3,15.62,7.15,,played,3.8,ppr,team_rush_share=0.355 (+2.0); snap_pct_last=0.27 (-1.3); fp_season_avg=6.15 (+0.7)
2026,3,2026_03_SEA_WAS,2026-09-27,00-0035659,Terry McLaurin,WR,WAS,SEA,1,-7.5,40.5,16.5,1.0,True,0.7,0.7566666666666667,0.7849999999999999,,,119,2,7.07,1.23,15.55,7.07,,upcoming,,ppr,snap_pct_last=0.7 (+0.9); implied_team_total=16.5 (-0.9); snap_pct_season=0.785 (+0.6)
2026,3,2026_03_MIN_TB,2026-09-27,00-0036919,Kenny Gainwell,RB,TB,MIN,1,-1.5,42.5,20.5,2.0,True,0.35,0.49333333333333335,0.405,,,87,2,7.04,1.19,15.51,7.04,,upcoming,,ppr,team_rush_share=0.189 (+1.0); fp_roll=9.57 (+0.8); team_target_share=0.123 (+0.2)
2026,3,2026_03_LA_DEN,2026-09-27,00-0033881,Evan Engram,TE,DEN,LA,1,-2.5,44.5,21.0,1.0,True,0.52,0.5133333333333333,0.575,,,145,2,7.02,1.18,15.5,7.02,,upcoming,,ppr,injury_analog_delta=-1.75 (-1.1); fp_roll=8.17 (-0.5); fp_season_avg=8.5 (+0.4)
2026,3,2026_03_TEN_NYG,2026-09-27,00-0039337,Malik Nabers,WR,NYG,TEN,1,2.5,38.5,20.5,1.0,True,0.74,0.5299999999999999,0.63,Limited Participation in Practice,Shoulder,23,2,7.0,1.15,15.47,7.0,,upcoming,,ppr,injury_severity=2 (-1.5); snap_pct_last=0.74 (+0.7); fp_season_avg=7 (+0.6)
2026,3,2026_03_LV_NO,2026-09-27,00-0037291,Jalen Nailor,WR,LV,NO,0,3.0,43.5,20.25,2.0,True,0.6,0.65,0.6,,,63,2,6.99,1.15,15.47,6.99,,upcoming,,ppr,snap_pct_last=0.6 (+0.5); team_target_share=0.126 (+0.5); fp_season_avg=3.8 (+0.5)
2026,3,2026_03_NYJ_DET,2026-09-27,00-0041032,Kenyon Sadiq,TE,NYJ,DET,0,6.5,47.5,20.5,1.0,True,0.36,0.39,0.39,,,2,2,6.98,1.14,15.46,6.98,,upcoming,,ppr,depth_rank_filled=1 (+1.2); injury_analog_delta=-1.75 (-1.1); team_rush_share=0.0128 (+0.9)
2026,3,2026_03_SEA_WAS,2026-09-27,00-0037545,Rashid Shaheed,WR,SEA,WAS,0,-7.5,40.5,24.0,2.0,True,0.56,0.5666666666666668,0.6100000000000001,,,55,2,6.96,1.12,15.44,6.96,,upcoming,,ppr,team_target_share=0.131 (+0.5); fp_season_avg=4.15 (+0.5); snap_pct_season=0.61 (+0.4)
2026,3,2026_03_TEN_NYG,2026-09-27,00-0035250,Devin Singletary,RB,NYG,TEN,1,2.5,38.5,20.5,2.0,True,0.26,0.3133333333333333,0.31,,,118,2,6.96,1.12,15.44,6.96,,upcoming,,ppr,team_rush_share=0.195 (+1.0); fp_roll=8.43 (+0.9); snap_pct_last=0.26 (-0.7)
2026,3,2026_03_BAL_DAL,2026-09-27,00-0034975,Justice Hill,RB,BAL,DAL,0,-3.5,53.5,28.5,2.0,True,0.47,0.3933333333333333,0.46499999999999997,,,96,2,6.8,0.96,15.28,6.8,,upcoming,,ppr,team_rush_share=0.0844 (+1.6); fp_season_avg=3.8 (+0.8); carries_roll=4 (+0.3)
2026,3,2026_03_PHI_CHI,2026-09-28,00-0034351,Dallas Goedert,TE,PHI,CHI,0,-4.5,41.5,23.0,1.0,True,0.25,0.6666666666666666,0.6,,,120,2,6.78,0.94,15.26,6.78,,upcoming,,ppr,injury_analog_delta=-1.75 (-1.2); fp_season_avg=12.5 (+0.6); snap_pct_season=0.6 (+0.5)
2026,3,2026_03_ARI_SF,2026-09-27,00-0041052,Kaelon Black,RB,SF,ARI,1,8.5,47.5,28.0,2.0,True,0.33,0.38,0.38,,,2,2,6.78,0.94,15.26,6.78,,upcoming,,ppr,team_rush_share=0.363 (+2.5); snap_pct_last=0.33 (-0.9); fp_season_avg=5.25 (+0.5)
2026,3,2026_03_MIN_TB,2026-09-27,00-0038994,Jordan Addison,WR,MIN,TB,0,-1.5,42.5,22.0,2.0,True,0.88,0.8799999999999999,0.855,,,50,2,6.76,0.92,15.24,6.76,,upcoming,,ppr,team_target_share=0.151 (+1.1); snap_pct_season=0.855 (+0.9); snap_pct_last=0.88 (+0.6)
2026,3,2026_03_CIN_PIT,2026-09-27,00-0036252,Michael Pittman,WR,PIT,CIN,1,-3.5,42.5,19.5,2.0,True,0.88,0.8766666666666666,0.88,Limited Participation in Practice,Foot,100,2,6.74,0.9,15.22,6.74,,upcoming,,ppr,snap_pct_season=0.88 (+1.2); snap_pct_last=0.88 (+0.9); injury_severity=2 (-0.8)
2026,3,2026_03_KC_MIA,2026-09-27,00-0041523,Caleb Douglas,WR,MIA,KC,1,-10.5,45.5,17.5,2.0,True,0.86,0.885,0.885,Did Not Participate In Practice,Ankle,2,2,6.73,0.89,15.21,6.73,,upcoming,,ppr,fp_roll=9.15 (+4.0); injury_severity=3 (-3.5); snap_pct_last=0.86 (+1.6)
2026,3,2026_03_HOU_IND,2026-09-27,00-0030279,Keenan Allen,WR,IND,HOU,1,-1.5,42.5,20.5,2.0,True,0.51,0.5733333333333334,0.5900000000000001,Limited Participation in Practice,Not injury related - resting player,150,2,6.72,0.88,15.2,6.72,,upcoming,,ppr,injury_severity=2 (-1.3); snap_pct_season=0.59 (+0.7); targets_roll=8 (+0.6)
2026,3,2026_03_LV_NO,2026-09-27,00-0040729,Jack Bech,WR,LV,NO,0,3.0,43.5,20.25,3.0,True,0.54,0.5066666666666667,0.47000000000000003,,,19,2,6.63,0.79,15.11,6.63,,upcoming,,ppr,fp_season_avg=7.9 (+1.9); snap_pct_last=0.54 (+0.7); team_target_share=0.0946 (+0.5)
2026,3,2026_03_LAC_BUF,2026-09-27,00-0036988,Josh Palmer,WR,BUF,LAC,1,7.0,50.5,28.75,4.0,True,0.38,0.5099999999999999,0.345,,,81,2,6.62,0.78,15.1,6.62,,upcoming,,ppr,fp_season_avg=10.9 (+1.9); implied_team_total=28.8 (+0.5); snap_games_season=2 (-0.4)
2026,3,2026_03_NE_JAX,2026-09-27,00-0034960,Jakobi Meyers,WR,JAX,NE,1,3.0,46.5,24.75,3.0,True,0.9,0.7800000000000001,0.775,Limited Participation in Practice,Thumb,119,2,6.62,0.78,15.1,6.62,,upcoming,,ppr,injury_severity=2 (-2.2); fp_season_avg=8 (+1.6); snap_pct_last=0.9 (+1.3)
2026,3,2026_03_LA_DEN,2026-09-27,00-0040134,Pat Bryant,WR,DEN,LA,1,-2.5,44.5,21.0,4.0,True,0.66,0.6366666666666666,0.625,,,19,2,6.59,0.74,15.06,6.59,,upcoming,,ppr,depth_rank_filled=4 (-1.2); fp_season_avg=4.9 (+0.8); team_rush_share=0.0119 (+0.6)
2026,3,2026_03_LA_DEN,2026-09-27,00-0040730,RJ Harvey,RB,DEN,LA,1,-2.5,44.5,21.0,2.0,True,0.51,0.5733333333333334,0.51,Limited Participation in Practice,Hamstring,19,2,6.58,0.73,15.05,6.58,,upcoming,,ppr,injury_severity=2 (-1.5); fp_season_avg=4.05 (+1.0); team_rush_share=0.228 (+1.0)
2026,3,2026_03_MIN_TB,2026-09-27,00-0035228,Kyler Murray,QB,MIN,TB,0,-1.5,42.5,22.0,1.0,True,0.17,0.71,0.17,,,97,2,6.44,0.59,14.91,6.44,,upcoming,,ppr,depth_rank_filled=1 (+5.4); snap_games_season=1 (+1.8); snap_pct_last=0.17 (-1.7)
2026,3,2026_03_NE_JAX,2026-09-27,00-0038621,DeMario Douglas,WR,NE,JAX,0,3.0,46.5,21.75,2.0,True,0.47,0.44666666666666677,0.5449999999999999,,,53,2,6.34,0.5,14.82,6.34,,upcoming,,ppr,team_target_share=0.157 (+0.7); targets_roll=4 (+0.5); fp_season_avg=4.45 (+0.5)
2026,3,2026_03_NYJ_DET,2026-09-27,00-0039794,Braelon Allen,RB,NYJ,DET,0,6.5,47.5,20.5,2.0,True,0.31,0.27,0.355,,,23,2,6.26,0.42,14.74,6.26,,upcoming,,ppr,team_rush_share=0.195 (+1.9); snap_pct_last=0.31 (-1.0); fp_season_avg=6.25 (+0.7)
2026,3,2026_03_HOU_IND,2026-09-27,00-0040138,Jaylin Noel,WR,HOU,IND,0,-1.5,42.5,22.0,4.0,True,0.6,0.35333333333333333,0.44999999999999996,,,19,2,6.26,0.42,14.74,6.26,,upcoming,,ppr,fp_season_avg=6.35 (+1.5); snap_pct_last=0.6 (+0.7); team_rush_share=0.0185 (+0.7)
2026,3,2026_03_LA_DEN,2026-09-27,00-0040737,Terrance Ferguson,TE,LA,DEN,0,-2.5,44.5,23.5,2.0,True,0.58,0.5266666666666667,0.5449999999999999,Limited Participation in Practice,Ankle,19,2,6.21,0.37,14.69,6.21,,upcoming,,ppr,fp_season_avg=8.7 (+2.4); injury_severity=2 (-1.0); snap_pct_last=0.58 (+0.6)
2026,3,2026_03_KC_MIA,2026-09-27,00-0038104,Tyquan Thornton,WR,KC,MIA,0,-10.5,45.5,28.0,3.0,True,0.59,0.5933333333333334,0.635,,,52,2,6.19,0.35,14.67,6.19,,upcoming,,ppr,fp_season_avg=6.3 (+1.4); depth_rank_filled=3 (-0.8); snap_pct_last=0.59 (+0.7)
2026,3,2026_03_SEA_WAS,2026-09-27,00-0041512,Jadarian Price,RB,SEA,WAS,0,-7.5,40.5,24.0,1.0,True,0.34,0.41000000000000003,0.41000000000000003,Limited Participation in Practice,Chest,2,2,6.13,0.29,14.61,6.13,,upcoming,,ppr,injury_severity=2 (-2.0); team_rush_share=0.39 (+1.0); fp_roll=6.4 (+0.7)
2026,3,2026_03_PHI_CHI,2026-09-28,00-0039746,Will Shipley,RB,PHI,CHI,0,-4.5,41.5,23.0,3.0,True,0.51,0.3666666666666667,0.345,,,36,2,6.06,0.22,14.54,6.06,,upcoming,,ppr,team_rush_share=0.117 (+1.4); depth_rank_filled=3 (-1.0); fp_season_avg=3.55 (+0.6)
2026,3,2026_03_PHI_CHI,2026-09-28,00-0034844,Saquon Barkley,RB,PHI,CHI,0,-4.5,41.5,23.0,1.0,True,0.16,0.5566666666666668,0.435,,,121,2,6.03,0.19,14.51,6.03,,upcoming,,ppr,snap_pct_last=0.16 (-1.8); team_rush_share=0.242 (+1.1); fp_season_avg=6 (+1.1)
2026,3,2026_03_HOU_IND,2026-09-27,00-0038608,Kayshon Boutte,WR,HOU,IND,0,-1.5,42.5,22.0,3.0,True,0.72,0.5866666666666667,0.59,,,53,2,6.02,0.17,14.49,6.02,,upcoming,,ppr,snap_pct_last=0.72 (+0.7); fp_season_avg=4.9 (+0.6); depth_rank_filled=3 (-0.6)
2026,3,2026_03_CIN_PIT,2026-09-27,00-0034829,Mike Gesicki,TE,CIN,PIT,0,-3.5,42.5,23.0,1.0,True,0.35,0.35333333333333333,0.33999999999999997,,,131,2,6.01,0.17,14.49,6.01,,upcoming,,ppr,injury_analog_delta=-1.75 (-1.0); fp_roll=7.37 (-0.4); team_target_share=0.0862 (+0.3)
2026,3,2026_03_LV_NO,2026-09-27,00-0033906,Alvin Kamara,RB,NO,LV,1,3.0,43.5,23.25,2.0,True,0.29,0.35333333333333333,0.29,,,147,2,5.94,0.1,14.42,5.94,,upcoming,,ppr,team_rush_share=0.111 (+1.4); snap_pct_last=0.29 (-1.1); carries_roll=9 (+0.5)
2026,3,2026_03_KC_MIA,2026-09-27,00-0037252,Greg Dulcich,TE,MIA,KC,1,-10.5,45.5,17.5,1.0,True,0.61,0.6333333333333334,0.69,,,42,2,5.94,0.1,14.42,5.94,,upcoming,,ppr,depth_rank_filled=1 (+0.9); snap_pct_last=0.61 (+0.7); team_target_share=0.129 (+0.6)
2026,3,2026_03_LV_NO,2026-09-27,00-0041067,Bryce Lance,WR,NO,LV,1,3.0,43.5,23.25,3.0,True,0.79,0.74,0.74,,,2,2,5.86,0.02,14.34,5.86,,upcoming,,ppr,snap_pct_last=0.79 (+1.0); depth_rank_filled=3 (-0.7); snap_pct_season=0.74 (+0.7)
2026,3,2026_03_ATL_GB,2026-09-24,00-0036970,Kyle Pitts,TE,ATL,GB,0,4.5,43.5,19.5,1.0,True,0.38,0.6433333333333334,0.505,,,81,2,5.83,-0.01,14.31,5.83,,played,1.5,ppr,team_qb_fp_roll=4.97 (+1.0); team_target_share=0.15 (+0.8); depth_rank_filled=1 (+0.8)
2026,3,2026_03_KC_MIA,2026-09-27,00-0041013,Emmett Johnson,RB,KC,MIA,0,-10.5,45.5,28.0,2.0,True,0.18,0.27,0.27,,,2,2,5.79,-0.05,14.27,5.79,,upcoming,,ppr,snap_pct_last=0.18 (-1.5); fp_season_avg=7.15 (+0.9); team_rush_share=0.141 (+0.6)
2026,3,2026_03_LAC_BUF,2026-09-27,00-0039901,Keon Coleman,WR,BUF,LAC,1,7.0,50.5,28.75,3.0,True,0.74,0.6833333333333335,0.62,Did Not Participate In Practice,Ankle,36,2,5.76,-0.08,14.24,5.76,,upcoming,,ppr,fp_roll=7.43 (+2.3); injury_severity=3 (-1.8); team_qb_fp_roll=35.1 (+0.9)
2026,3,2026_03_LAC_BUF,2026-09-27,00-0035689,Dawson Knox,TE,BUF,LAC,1,7.0,50.5,28.75,2.0,True,0.76,0.49333333333333335,0.7150000000000001,,,111,2,5.6,-0.24,14.08,5.6,,upcoming,,ppr,snap_pct_last=0.76 (+1.3); injury_analog_delta=-1.75 (-0.8); fp_season_avg=5.1 (+0.8)
2026,3,2026_03_PHI_CHI,2026-09-28,00-0036290,Cole Kmet,TE,CHI,PHI,1,-4.5,41.5,18.5,2.0,True,0.69,0.7166666666666667,0.6299999999999999,,,103,2,5.59,-0.26,14.06,5.59,,upcoming,,ppr,fp_season_avg=5.75 (+1.2); snap_pct_last=0.69 (+1.2); injury_analog_delta=-1.75 (-0.8)
2026,3,2026_03_CAR_CLE,2026-09-27,00-0036407,Jerry Jeudy,WR,CLE,CAR,1,-2.5,42.5,20.0,3.0,True,0.59,0.7000000000000001,0.61,,,96,2,5.54,-0.3,14.02,5.54,,upcoming,,ppr,depth_rank_filled=3 (-0.8); team_target_share=0.167 (+0.4); team_rush_share=0.0139 (+0.4)
2026,3,2026_03_LV_NO,2026-09-27,00-0039338,Brock Bowers,TE,LV,NO,0,3.0,43.5,20.25,1.0,True,0.98,0.96,0.0,Limited Participation in Practice,Knee,34,2,5.48,-0.36,13.96,5.48,,upcoming,,ppr,injury_analog_delta=-1.35 (-2.8); depth_rank_filled=1 (+1.8); snap_games_season=0 (+1.5)
2026,3,2026_03_HOU_IND,2026-09-27,00-0035535,Darius Slayton,WR,IND,HOU,1,-1.5,42.5,20.5,3.0,True,0.87,0.8466666666666667,0.0,,,116,0,5.48,-0.37,13.95,5.48,,upcoming,,ppr,depth_rank_filled=3 (-2.5); team_target_share=0.18 (+1.7); snap_pct_last=0.87 (+0.9)
2026,3,2026_03_LV_NO,2026-09-27,00-0035644,Noah Fant,TE,NO,LV,1,3.0,43.5,23.25,2.0,True,0.44,0.3566666666666667,0.425,,,118,2,5.47,-0.37,13.95,5.47,,upcoming,,ppr,fp_season_avg=6.65 (+1.9); injury_analog_delta=-1.75 (-0.6); targets_roll=4.5 (+0.6)
2026,3,2026_03_LA_DEN,2026-09-27,00-0036244,Colby Parkinson,TE,LA,DEN,0,-2.5,44.5,23.5,1.0,True,0.71,0.7733333333333333,0.74,Did Not Participate In Practice,Knee,94,2,5.46,-0.38,13.94,5.46,,upcoming,,ppr,injury_severity=3 (-2.6); fp_roll=8.23 (+2.3); depth_rank_filled=1 (+1.4)
2026,3,2026_03_MIN_TB,2026-09-27,00-0033293,Aaron Jones,RB,MIN,TB,0,-1.5,42.5,22.0,1.0,True,0.81,0.64,0.635,Did Not Participate In Practice,Knee,143,2,5.4,-0.44,13.88,5.4,,upcoming,,ppr,injury_severity=3 (-7.3); snap_pct_last=0.81 (+3.3); fp_roll=6.83 (+1.3)
2026,3,2026_03_NYJ_DET,2026-09-27,00-0040669,Isaac TeSlaa,WR,DET,NYJ,1,6.5,47.5,27.0,3.0,True,0.75,0.6766666666666667,0.7150000000000001,,,19,2,5.37,-0.47,13.85,5.37,,upcoming,,ppr,snap_pct_season=0.715 (+0.7); depth_rank_filled=3 (-0.7); snap_pct_last=0.75 (+0.6)
2026,3,2026_03_CAR_CLE,2026-09-27,00-0037005,Tommy Tremble,TE,CAR,CLE,0,-2.5,42.5,22.5,1.0,True,0.56,0.6733333333333333,0.56,,,86,2,5.35,-0.49,13.83,5.35,,upcoming,,ppr,injury_analog_delta=-1.75 (-0.9); depth_rank_filled=1 (+0.7); team_target_share=0.114 (+0.7)
2026,3,2026_03_NE_JAX,2026-09-27,00-0038611,Chris Rodriguez Jr.,RB,JAX,NE,1,3.0,46.5,24.75,2.0,True,0.22,0.3466666666666667,0.31,,,44,2,5.2,-0.64,13.68,5.2,,upcoming,,ppr,team_rush_share=0.278 (+1.6); snap_pct_last=0.22 (-1.3); fp_roll=6.3 (+0.9)
2026,3,2026_03_ATL_GB,2026-09-24,00-0033662,Cooper Rush,QB,ATL,GB,0,4.5,43.5,19.5,3.0,True,0.58,0.7533333333333334,0.79,,,136,2,5.19,-0.65,13.67,5.19,,played,0.0,ppr,team_qb_fp_roll=4.97 (+1.2); depth_rank_filled=3 (-0.8); snap_pct_roll3=0.753 (+0.6)
2026,3,2026_03_CAR_CLE,2026-09-27,00-0039342,Xavier Legette,WR,CAR,CLE,0,-2.5,42.5,22.5,3.0,True,0.5,0.4466666666666667,0.515,,,36,2,5.19,-0.65,13.67,5.19,,upcoming,,ppr,depth_rank_filled=3 (-0.8); team_target_share=0.106 (+0.6); fp_season_avg=4.2 (+0.5)
2026,3,2026_03_CIN_PIT,2026-09-27,00-0041489,Germie Bernard,WR,PIT,CIN,1,-3.5,42.5,19.5,4.0,True,0.79,0.41500000000000004,0.41500000000000004,,,2,2,5.17,-0.67,13.65,5.17,,upcoming,,ppr,depth_rank_filled=4 (-1.4); snap_pct_last=0.79 (+0.9); team_target_share=0.108 (+0.3)
2026,3,2026_03_LA_DEN,2026-09-27,00-0036158,J.K. Dobbins,RB,DEN,LA,1,-2.5,44.5,21.0,1.0,True,0.34,0.43,0.385,Limited Participation in Practice,Hip,52,2,5.16,-0.68,13.64,5.16,,upcoming,,ppr,injury_severity=2 (-1.9); team_rush_share=0.519 (+1.1); snap_pct_last=0.34 (-0.8)
2026,3,2026_03_PHI_CHI,2026-09-28,00-0040867,Makai Lemon,WR,PHI,CHI,0,-4.5,41.5,23.0,3.0,True,0.63,0.635,0.635,,,2,2,5.15,-0.69,13.63,5.15,,upcoming,,ppr,depth_rank_filled=3 (-0.8); snap_pct_season=0.635 (+0.5); team_rush_share=0.0156 (+0.4)
2026,3,2026_03_MIN_TB,2026-09-27,00-0035249,Josh Oliver,TE,MIN,TB,0,-1.5,42.5,22.0,2.0,True,0.6,0.57,0.625,,,95,2,5.11,-0.73,13.59,5.11,,upcoming,,ppr,injury_analog_delta=-1.75 (-1.3); team_target_share=0.0985 (+0.6); fp_season_avg=3.8 (+0.5)
2026,3,2026_03_LV_NO,2026-09-27,00-0038551,Kendre Miller,RB,NO,LV,1,3.0,43.5,23.25,4.0,False,0.29,0.24,0.29,,,34,2,5.1,-0.74,13.58,5.1,,upcoming,,ppr,team_rush_share=0.14 (+1.9); snap_pct_last=0.29 (-1.0); depth_rank_filled=4 (-0.6)
2026,3,2026_03_LAC_BUF,2026-09-27,00-0039875,Ray Davis,RB,BUF,LAC,1,7.0,50.5,28.75,2.0,True,0.14,0.29,0.115,,,36,2,5.07,-0.77,13.55,5.07,,upcoming,,ppr,fp_roll=8.57 (+2.3); snap_pct_last=0.14 (-1.3); team_rush_share=0.179 (+0.6)
2026,3,2026_03_TEN_NYG,2026-09-27,00-0040691,Jaxson Dart,QB,NYG,TEN,1,2.5,38.5,20.5,2.0,True,0.12,0.7066666666666667,0.56,Did Not Participate In Practice,Knee,19,2,5.05,-0.79,13.53,5.05,,upcoming,,ppr,fp_roll=15.9 (+4.7); injury_severity=3 (-4.4); injury_analog_delta=-2.72 (-0.8)
2026,3,2026_03_LA_DEN,2026-09-27,00-0038783,Nate Adkins,TE,DEN,LA,1,-2.5,44.5,21.0,3.0,False,0.37,0.33666666666666667,0.31,,,53,2,5.0,-0.84,13.48,5.0,,upcoming,,ppr,fp_season_avg=6.4 (+1.4); team_rush_share=0.0119 (+0.8); injury_analog_delta=-1.75 (-0.6)
2026,3,2026_03_SEA_WAS,2026-09-27,00-0034869,Sam Darnold,QB,SEA,WAS,0,-7.5,40.5,24.0,1.0,True,0.1,0.7000000000000001,0.1,Limited Participation in Practice,Glute,121,2,4.99,-0.85,13.47,4.99,,upcoming,,ppr,depth_rank_filled=1 (+3.4); snap_games_season=1 (+1.4); snap_pct_last=0.1 (-1.2)
2026,3,2026_03_ARI_SF,2026-09-27,00-0039849,Marvin Harrison Jr.,WR,ARI,SF,0,8.5,47.5,19.5,2.0,True,0.74,0.62,0.765,,,35,2,4.97,-0.87,13.45,4.97,,upcoming,,ppr,fp_roll=1.43 (-0.8); snap_pct_season=0.765 (+0.5); snap_pct_last=0.74 (+0.4)
2026,3,2026_03_SEA_WAS,2026-09-27,00-0039910,Jayden Daniels,QB,WAS,SEA,1,-7.5,40.5,16.5,1.0,True,0.55,0.7666666666666666,0.775,Did Not Participate In Practice,Elbow,36,2,4.97,-0.87,13.45,4.97,,upcoming,,ppr,injury_severity=3 (-4.6); fp_roll=10.8 (+4.2); injury_analog_delta=-2.72 (-1.9)
2026,3,2026_03_HOU_IND,2026-09-27,00-0036554,Nico Collins,WR,HOU,IND,0,-1.5,42.5,22.0,1.0,True,0.72,0.7333333333333334,0.72,Did Not Participate In Practice,Hamstring,77,2,4.88,0.69,11.13,4.88,,upcoming,,ppr,injury_severity=3 (-7.3); depth_rank_filled=1 (+1.1); fp_season_avg=10.6 (-1.0)
2026,3,2026_03_HOU_IND,2026-09-27,00-0032951,Laquon Treadwell,WR,IND,HOU,1,-1.5,42.5,20.5,4.0,True,0.74,0.38999999999999996,0.5449999999999999,Full Participation in Practice,Shoulder,103,2,4.83,0.64,11.07,4.83,,upcoming,,ppr,depth_rank_filled=4 (-0.8); snap_pct_last=0.74 (+0.7); fp_season_avg=4.55 (+0.5)
2026,3,2026_03_HOU_IND,2026-09-27,00-0037664,Alec Pierce,WR,IND,HOU,1,-1.5,42.5,20.5,7.0,True,0.26,0.5099999999999999,0.425,Did Not Participate In Practice,Heel,70,2,4.81,0.63,11.06,4.81,,upcoming,,ppr,fp_roll=13.8 (+4.3); injury_severity=3 (-1.0); depth_rank_filled=7 (-0.6)
2026,3,2026_03_LAC_BUF,2026-09-27,00-0038454,Keaton Mitchell,RB,LAC,BUF,0,7.0,50.5,21.75,2.0,True,0.25,0.2333333333333333,0.28,,,36,2,4.77,0.59,11.02,4.77,,upcoming,,ppr,team_rush_share=0.14 (+1.5); snap_pct_last=0.25 (-0.7); fp_roll=2 (-0.2)
2026,3,2026_03_LAC_BUF,2026-09-27,00-0040189,Oronde Gadsden II,TE,LAC,BUF,0,7.0,50.5,21.75,2.0,True,0.44,0.36000000000000004,0.31,,,19,2,4.76,0.58,11.01,4.76,,upcoming,,ppr,fp_season_avg=7.5 (+1.5); injury_analog_delta=-1.75 (-0.7); snap_pct_last=0.44 (+0.5)
2026,3,2026_03_SEA_WAS,2026-09-27,00-0033908,Cooper Kupp,WR,SEA,WAS,0,-7.5,40.5,24.0,3.0,True,0.43,0.66,0.605,Limited Participation in Practice,Back,133,2,4.74,0.56,10.99,4.74,,upcoming,,ppr,depth_rank_filled=3 (-0.8); injury_severity=2 (-0.7); snap_pct_season=0.605 (+0.7)
2026,3,2026_03_PHI_CHI,2026-09-28,00-0040024,Darius Cooper,WR,PHI,CHI,0,-4.5,41.5,23.0,4.0,True,0.41,0.4666666666666666,0.27999999999999997,,,15,2,4.72,0.54,10.97,4.72,,upcoming,,ppr,depth_rank_filled=4 (-1.0); fp_season_avg=5.3 (+0.8); targets_roll=4 (+0.3)
2026,3,2026_03_CAR_CLE,2026-09-27,00-0040466,Raheim Sanders,RB,CLE,CAR,1,-2.5,42.5,20.0,2.0,True,0.19,0.27,0.27,,,19,2,4.65,0.47,10.9,4.65,,upcoming,,ppr,snap_pct_last=0.19 (-2.1); team_rush_share=0.114 (+0.9); fp_season_avg=3.85 (+0.4)
2026,3,2026_03_TEN_NYG,2026-09-27,00-0034837,Calvin Ridley,WR,TEN,NYG,0,2.5,38.5,18.0,3.0,True,0.62,0.4266666666666667,0.63,,,98,2,4.6,0.42,10.85,4.6,,upcoming,,ppr,depth_rank_filled=3 (-0.9); snap_pct_season=0.63 (+0.6); snap_pct_last=0.62 (+0.4)
2026,3,2026_03_HOU_IND,2026-09-27,00-0038728,Jared Wayne,WR,HOU,IND,0,-1.5,42.5,22.0,5.0,True,0.5,0.42,0.41000000000000003,,,6,2,4.42,0.23,10.67,4.42,,upcoming,,ppr,depth_rank_filled=5 (-1.1); fp_season_avg=3.75 (+0.4); snap_pct_last=0.5 (+0.3)
2026,3,2026_03_SEA_WAS,2026-09-27,00-0032268,Marcus Mariota,QB,WAS,SEA,1,-7.5,40.5,16.5,2.0,True,0.45,0.68,0.45,,,148,2,4.41,0.22,10.65,4.41,,upcoming,,ppr,position_code=0 (-0.8); team_rush_share=0.0104 (+0.5); fp_season_avg=4.37 (+0.4)
2026,3,2026_03_CAR_CLE,2026-09-27,00-0038710,Blake Whiteheart,TE,CLE,CAR,1,-2.5,42.5,20.0,2.0,True,0.47,0.5033333333333333,0.43,,,40,2,4.24,0.06,10.49,4.24,,upcoming,,ppr,injury_analog_delta=-1.75 (-1.2); fp_season_avg=5.55 (+1.1); snap_pct_last=0.47 (+0.4)
2026,3,2026_03_MIN_TB,2026-09-27,00-0036259,Jauan Jennings,WR,MIN,TB,0,-1.5,42.5,22.0,3.0,True,0.48,0.7533333333333334,0.48,,,87,2,4.16,-0.03,10.41,4.16,,upcoming,,ppr,depth_rank_filled=3 (-0.8); team_target_share=0.0945 (+0.6); fp_season_avg=0 (-0.6)
2026,3,2026_03_CIN_PIT,2026-09-27,00-0035631,Drew Sample,TE,CIN,PIT,0,-3.5,42.5,23.0,2.0,True,0.6,0.66,0.63,,,102,2,4.14,-0.05,10.38,4.14,,upcoming,,ppr,injury_analog_delta=-1.75 (-1.3); snap_pct_season=0.63 (+0.5); snap_pct_last=0.6 (+0.4)
2026,3,2026_03_TEN_NYG,2026-09-27,00-0033869,Mitchell Trubisky,QB,TEN,NYG,0,2.5,38.5,18.0,2.0,True,0.99,0.39999999999999997,0.0,,,149,2,4.04,-0.14,10.29,4.04,,upcoming,,ppr,fp_roll=9.62 (+2.0); position_code=0 (-1.7); snap_pct_season=0 (-1.5)
2026,3,2026_03_ARI_SF,2026-09-27,00-0032775,Demarcus Robinson,WR,SF,ARI,1,8.5,47.5,28.0,3.0,True,0.31,0.6066666666666666,0.47,Did Not Participate In Practice,Ankle,164,2,3.97,-0.21,10.22,3.97,,upcoming,,ppr,injury_severity=3 (-2.5); fp_roll=8.27 (+2.4); fp_season_avg=9.7 (+0.6)
2026,3,2026_03_BAL_DAL,2026-09-27,00-0039792,Devontez Walker,WR,BAL,DAL,0,-3.5,53.5,28.5,3.0,True,0.29,0.4266666666666667,0.29,,,36,2,3.9,-0.29,10.15,3.9,,upcoming,,ppr,depth_rank_filled=3 (-0.6); snap_pct_last=0.29 (-0.4); fp_roll=6.1 (+0.3)
2026,3,2026_03_NE_JAX,2026-09-27,00-0032104,Ameer Abdullah,RB,JAX,NE,1,3.0,46.5,24.75,4.0,False,0.1,0.10333333333333333,0.095,,,148,2,3.78,-0.41,10.03,3.78,,upcoming,,ppr,snap_pct_last=0.1 (-1.6); team_rush_share=0.0966 (+1.1); depth_rank_filled=4 (-0.6)
2026,3,2026_03_LA_DEN,2026-09-27,00-0037085,Tyler Badie,RB,DEN,LA,1,-2.5,44.5,21.0,4.0,False,0.26,0.17333333333333334,0.26,,,25,2,3.69,-0.49,9.94,3.69,,upcoming,,ppr,snap_pct_last=0.26 (-0.7); depth_rank_filled=4 (-0.6); team_rush_share=0.0334 (+0.5)
2026,3,2026_03_SEA_WAS,2026-09-27,00-0036626,Dyami Brown,WR,WAS,SEA,1,-7.5,40.5,16.5,4.0,True,0.55,0.4033333333333335,0.54,,,87,2,3.69,-0.5,9.94,3.69,,upcoming,,ppr,depth_rank_filled=4 (-0.8); team_target_share=0.0926 (+0.3); fp_roll=1.97 (-0.2)
2026,3,2026_03_ARI_SF,2026-09-27,00-0036887,Luke Farrell,TE,SF,ARI,1,8.5,47.5,28.0,2.0,True,0.54,0.48,0.625,,,87,2,3.65,-0.53,9.9,3.65,,upcoming,,ppr,injury_analog_delta=-1.75 (-1.1); snap_pct_season=0.625 (+0.6); fp_roll=1.3 (-0.4)
2026,3,2026_03_MIN_TB,2026-09-27,00-0040237,Tez Johnson,WR,TB,MIN,1,-1.5,42.5,20.5,5.0,False,0.29,0.21666666666666667,0.26,,,19,2,3.59,-0.59,9.84,3.59,,upcoming,,ppr,snap_pct_last=0.29 (-0.8); depth_rank_filled=5 (-0.6); team_rush_share=0.0246 (+0.4)
2026,3,2026_03_TEN_NYG,2026-09-27,00-0035261,Tony Pollard,RB,TEN,NYG,0,2.5,38.5,18.0,1.0,True,0.55,0.5666666666666668,0.535,Did Not Participate In Practice,Ankle,119,2,3.56,-0.62,9.81,3.56,,upcoming,,ppr,injury_severity=3 (-6.0); injury_analog_delta=-1.62 (-1.8); fp_roll=7.13 (+1.3)
2026,3,2026_03_BAL_DAL,2026-09-27,00-0032398,Chris Moore,WR,BAL,DAL,0,-3.5,53.5,28.5,4.0,True,0.55,0.4166666666666667,0.46,Limited Participation in Practice,Ankle,141,2,3.56,-0.63,9.8,3.56,,upcoming,,ppr,depth_rank_filled=4 (-1.0); injury_severity=2 (-0.8); fp_season_avg=3.95 (+0.6)
2026,3,2026_03_ATL_GB,2026-09-24,00-0035208,Olamide Zaccheaus,WR,ATL,GB,0,4.5,43.5,19.5,3.0,True,0.43,0.27999999999999997,0.365,,,114,2,3.55,-0.63,9.8,3.55,,played,2.9,ppr,depth_rank_filled=3 (-1.9); implied_team_total=19.5 (-0.7); team_qb_fp_roll=4.97 (+0.6)
2026,3,2026_03_BAL_DAL,2026-09-27,00-0040075,LaJohntay Wester,WR,BAL,DAL,0,-3.5,53.5,28.5,6.0,False,0.53,0.3333333333333333,0.41000000000000003,,,19,2,3.52,-0.67,9.77,3.52,,upcoming,,ppr,depth_rank_filled=6 (-1.2); snap_pct_last=0.53 (+0.2); fp_roll=1.97 (-0.2)
2026,3,2026_03_LV_NO,2026-09-27,00-0040878,Mike Washington Jr.,RB,LV,NO,0,3.0,43.5,20.25,2.0,True,0.19,0.19,0.19,,,2,2,3.52,-0.66,9.77,3.52,,upcoming,,ppr,snap_pct_last=0.19 (-1.9); team_rush_share=0.151 (+0.9); fp_season_avg=2.4 (-0.2)
2026,3,2026_03_ATL_GB,2026-09-24,00-0040142,Kaleb Johnson,RB,GB,ATL,1,4.5,43.5,24.0,3.0,False,0.27,0.10000000000000002,0.135,,,19,2,3.48,-0.7,9.73,3.48,,played,2.6,ppr,team_rush_share=0.148 (+1.1); depth_rank_filled=3 (-0.5); fp_roll=1.07 (-0.5)
2026,3,2026_03_CIN_PIT,2026-09-27,00-0038558,Darnell Washington,TE,PIT,CIN,1,-3.5,42.5,19.5,2.0,True,0.53,0.4366666666666667,0.585,,,52,2,3.48,-0.7,9.73,3.48,,upcoming,,ppr,injury_analog_delta=-1.75 (-1.4); snap_pct_last=0.53 (+0.2); snap_pct_season=0.585 (+0.1)
2026,3,2026_03_LAC_BUF,2026-09-27,00-0034272,Marquez Valdes-Scantling,WR,LAC,BUF,0,7.0,50.5,21.75,5.0,True,0.84,0.6933333333333332,0.0,,,120,0,3.37,-0.82,9.61,3.37,,upcoming,,ppr,depth_rank_filled=5 (-5.2); snap_pct_season=0 (-1.3); snap_pct_last=0.84 (+1.1)
2026,3,2026_03_ARI_SF,2026-09-27,00-0039365,Jacob Cowing,WR,SF,ARI,1,8.5,47.5,28.0,4.0,False,0.46,0.27,0.27,,,19,2,3.37,-0.82,9.62,3.37,,upcoming,,ppr,fp_season_avg=0 (-1.2); depth_rank_filled=4 (-1.0); position_code=3 (+0.4)
2026,3,2026_03_ATL_GB,2026-09-24,00-0036212,Tua Tagovailoa,QB,ATL,GB,0,4.5,43.5,19.5,2.0,True,1.0,0.9633333333333334,0.0,Full Participation in Practice,Oblique,96,2,3.36,-0.82,9.61,3.36,,played,0.0,ppr,team_qb_fp_roll=4.97 (+2.9); position_code=0 (-1.6); fp_roll=0 (-1.3)
2026,3,2026_03_KC_MIA,2026-09-27,00-0036637,Noah Gray,TE,KC,MIA,0,-10.5,45.5,28.0,2.0,True,0.5,0.5366666666666666,0.525,,,87,2,3.34,-0.84,9.59,3.34,,upcoming,,ppr,injury_analog_delta=-1.75 (-1.1); fp_season_avg=0.75 (-0.5); team_target_share=0.0766 (+0.3)
2026,3,2026_03_SEA_WAS,2026-09-27,00-0039299,George Holani,RB,SEA,WAS,0,-7.5,40.5,24.0,3.0,False,0.26,0.24,0.36,Limited Participation in Practice,Knee,18,2,3.32,-0.86,9.57,3.32,,upcoming,,ppr,injury_severity=2 (-1.0); team_rush_share=0.155 (+0.7); depth_rank_filled=3 (-0.6)
2026,3,2026_03_ATL_GB,2026-09-24,00-0033858,Jonnu Smith,TE,GB,ATL,1,4.5,43.5,24.0,2.0,True,0.22,0.37666666666666665,0.345,,,148,2,3.26,-0.93,9.51,3.26,,played,3.6,ppr,snap_pct_last=0.22 (-1.3); injury_analog_delta=-1.75 (-0.6); team_rush_share=0.0159 (+0.4)
2026,3,2026_03_NE_JAX,2026-09-27,00-0041100,Josh Cameron,WR,JAX,NE,1,3.0,46.5,24.75,4.0,False,0.17,0.25,0.25,,,2,2,3.25,-0.93,9.5,3.25,,upcoming,,ppr,snap_pct_last=0.17 (-1.0); depth_rank_filled=4 (-0.6); fp_season_avg=5 (+0.6)
2026,3,2026_03_PHI_CHI,2026-09-28,00-0035662,Marquise Brown,WR,PHI,CHI,0,-4.5,41.5,23.0,5.0,True,0.22,0.5433333333333333,0.22,,,99,2,3.23,-0.96,9.48,3.23,,upcoming,,ppr,depth_rank_filled=5 (-1.0); snap_pct_last=0.22 (-0.9); team_rush_share=0.0208 (+0.4)
2026,3,2026_03_ATL_GB,2026-09-24,00-0032392,Austin Hooper,TE,ATL,GB,0,4.5,43.5,19.5,3.0,True,0.43,0.35666666666666674,0.33,,,166,2,3.18,0.25,8.3,3.18,,played,9.1,ppr,depth_rank_filled=3 (-0.8); injury_analog_delta=-1.75 (-0.5); team_qb_fp_roll=4.97 (+0.4)
2026,3,2026_03_NYJ_DET,2026-09-27,00-0039364,Sione Vaki,RB,DET,NYJ,1,6.5,47.5,27.0,2.0,True,0.17,0.15333333333333332,0.22999999999999998,,,36,2,3.17,0.24,8.29,3.17,,upcoming,,ppr,snap_pct_last=0.17 (-1.6); team_rush_share=0.0369 (+0.5); fp_roll=1.93 (-0.1)
2026,3,2026_03_KC_MIA,2026-09-27,00-0038824,Ryan Miller,WR,MIA,KC,1,-10.5,45.5,17.5,6.0,False,0.12,0.04,0.06,Limited Participation in Practice,Hip,31,2,3.08,0.14,8.2,3.08,,upcoming,,ppr,fp_season_avg=7.35 (+1.5); depth_rank_filled=6 (-0.7); snap_pct_last=0.12 (-0.6)
2026,3,2026_03_TEN_NYG,2026-09-27,00-0039384,Tyrone Tracy Jr.,RB,NYG,TEN,1,2.5,38.5,20.5,4.0,False,0.02,0.24666666666666667,0.025,,,36,2,3.01,0.08,8.13,3.01,,upcoming,,ppr,depth_rank_filled=4 (-1.9); snap_pct_season=0.025 (-1.4); snap_pct_last=0.02 (-1.3)
2026,3,2026_03_LA_DEN,2026-09-27,00-0033110,Tyler Higbee,TE,LA,DEN,0,-2.5,44.5,23.5,4.0,True,0.26,0.3666666666666667,0.23,,,145,2,3.01,0.07,8.13,3.01,,upcoming,,ppr,fp_roll=7.1 (+0.7); depth_rank_filled=4 (-0.6); injury_analog_delta=-1.75 (-0.4)
2026,3,2026_03_BAL_DAL,2026-09-27,00-0038705,Emari Demercado,RB,DAL,BAL,1,-3.5,53.5,25.0,2.0,True,0.16,0.15666666666666662,0.125,,,49,2,2.96,0.03,8.08,2.96,,upcoming,,ppr,snap_pct_last=0.16 (-1.9); fp_season_avg=0.75 (-0.7); team_rush_share=0.129 (+0.6)
2026,3,2026_03_CAR_CLE,2026-09-27,00-0031610,Darren Waller,TE,CAR,CLE,0,-2.5,42.5,22.5,2.0,True,0.44,0.38999999999999996,0.395,Did Not Participate In Practice,Not injury related - resting player,103,2,2.95,0.02,8.07,2.95,,upcoming,,ppr,injury_severity=3 (-3.4); fp_roll=8.03 (+2.6); injury_analog_delta=-2.7 (-0.7)
2026,3,2026_03_BAL_DAL,2026-09-27,00-0039530,Brevyn Spann-Ford,TE,DAL,BAL,1,-3.5,53.5,25.0,2.0,True,0.38,0.30333333333333334,0.3,,,36,2,2.95,0.02,8.07,2.95,,upcoming,,ppr,injury_analog_delta=-1.75 (-1.0); opp_pos_fp_allowed=3.45 (-0.2); fp_season_avg=1.7 (-0.2)
2026,3,2026_03_NE_JAX,2026-09-27,00-0041395,Eli Raridon,TE,NE,JAX,0,3.0,46.5,21.75,2.0,True,0.2,0.37,0.37,Limited Participation in Practice,Thigh,2,2,2.95,0.02,8.07,2.95,,upcoming,,ppr,fp_season_avg=5.6 (+0.7); injury_analog_delta=-1.35 (-0.7); snap_pct_last=0.2 (-0.6)
2026,3,2026_03_KC_MIA,2026-09-27,00-0040646,Jalen Royals,WR,KC,MIA,0,-10.5,45.5,28.0,5.0,False,0.15,0.2733333333333334,0.075,,,19,2,2.93,-0.0,8.06,2.93,,upcoming,,ppr,snap_pct_last=0.15 (-1.0); depth_rank_filled=5 (-0.9); fp_season_avg=4.3 (+0.5)
2026,3,2026_03_HOU_IND,2026-09-27,00-0034981,Foster Moreau,TE,HOU,IND,0,-1.5,42.5,22.0,2.0,True,0.29,0.33666666666666667,0.365,,,110,2,2.93,0.0,8.06,2.93,,upcoming,,ppr,injury_analog_delta=-1.75 (-0.7); snap_pct_last=0.29 (-0.7); fp_season_avg=4.45 (+0.3)
2026,3,2026_03_CAR_CLE,2026-09-27,00-0038794,Jaleel McLaughlin,RB,CLE,CAR,1,-2.5,42.5,20.0,3.0,False,0.14,0.19333333333333336,0.14,,,52,1,2.92,-0.02,8.04,2.92,,upcoming,,ppr,snap_pct_last=0.14 (-0.9); team_rush_share=0.157 (+0.8); fp_season_avg=0.3 (-0.7)
2026,3,2026_03_PHI_CHI,2026-09-28,00-0040277,Jahdae Walker,WR,CHI,PHI,1,-4.5,41.5,18.5,5.0,False,0.09,0.3,0.27,,,19,2,2.9,-0.03,8.03,2.9,,upcoming,,ppr,snap_pct_last=0.09 (-0.9); depth_rank_filled=5 (-0.9); fp_roll=6.23 (+0.5)
2026,3,2026_03_TEN_NYG,2026-09-27,00-0038115,Daniel Bellinger,TE,TEN,NYG,0,2.5,38.5,18.0,2.0,True,0.45,0.55,0.365,,,70,2,2.9,-0.03,8.02,2.9,,upcoming,,ppr,injury_analog_delta=-1.75 (-1.4); fp_season_avg=0.85 (-0.3); fp_roll=4.5 (+0.2)
2026,3,2026_03_TEN_NYG,2026-09-27,00-0039032,Tyjae Spears,RB,TEN,NYG,0,2.5,38.5,18.0,2.0,True,0.36,0.4400000000000001,0.43,Did Not Participate In Practice,Ankle,49,2,2.89,-0.04,8.01,2.89,,upcoming,,ppr,injury_severity=3 (-3.5); fp_roll=7.7 (+2.3); injury_analog_delta=-1.62 (-0.8)
2026,3,2026_03_CAR_CLE,2026-09-27,00-0040187,Mitchell Evans,TE,CAR,CLE,0,-2.5,42.5,22.5,3.0,True,0.58,0.47666666666666674,0.49,,,19,2,2.78,-0.16,7.9,2.78,,upcoming,,ppr,injury_analog_delta=-1.75 (-0.6); snap_pct_last=0.58 (+0.2); fp_roll=1.9 (-0.2)
2026,3,2026_03_ATL_GB,2026-09-24,00-0041044,Zachariah Branch,WR,ATL,GB,0,4.5,43.5,19.5,4.0,False,0.2,0.25,0.25,,,2,2,2.77,-0.16,7.9,2.77,,played,1.7,ppr,depth_rank_filled=4 (-1.6); snap_pct_last=0.2 (-0.9); implied_team_total=19.5 (-0.7)
2026,3,2026_03_LV_NO,2026-09-27,00-0041326,CJ Donaldson,RB,NO,LV,1,3.0,43.5,23.25,3.0,False,0.29,0.22999999999999998,0.22999999999999998,,,2,2,2.77,-0.16,7.89,2.77,,upcoming,,ppr,team_rush_share=0.0585 (+0.8); fp_season_avg=0.7 (-0.7); fp_roll=0.7 (-0.7)
2026,3,2026_03_LAC_BUF,2026-09-27,00-0035537,Ty Johnson,RB,BUF,LAC,1,7.0,50.5,28.75,3.0,False,0.33,0.3433333333333333,0.0,Full Participation in Practice,Hamstring,112,2,2.72,-0.21,7.84,2.72,,upcoming,,ppr,depth_rank_filled=3 (-1.3); snap_pct_season=0 (-1.0); fp_season_avg=0 (-1.0)
2026,3,2026_03_LA_DEN,2026-09-27,00-0039868,Troy Franklin,WR,DEN,LA,1,-2.5,44.5,21.0,5.0,False,0.21,0.32,0.27,,,36,2,2.71,-0.22,7.83,2.71,,upcoming,,ppr,snap_pct_last=0.21 (-0.9); depth_rank_filled=5 (-0.6); team_rush_share=0.0222 (+0.4)
2026,3,2026_03_ATL_GB,2026-09-24,00-0036429,Charlie Woerner,TE,ATL,GB,0,4.5,43.5,19.5,2.0,True,0.49,0.38999999999999996,0.5549999999999999,,,101,2,2.67,-0.27,7.79,2.67,,played,0.0,ppr,team_qb_fp_roll=4.97 (+1.4); fp_roll=0 (-1.0); fp_season_avg=0 (-0.9)
2026,3,2026_03_SEA_WAS,2026-09-27,00-0037809,Chig Okonkwo,TE,WAS,SEA,1,-7.5,40.5,16.5,1.0,True,0.56,0.6233333333333334,0.56,Did Not Participate In Practice,Hamstring,70,2,2.66,-0.27,7.79,2.66,,upcoming,,ppr,injury_severity=3 (-1.8); injury_analog_delta=-2.7 (-1.7); depth_rank_filled=1 (+1.0)
2026,3,2026_03_LA_DEN,2026-09-27,00-0039074,Davis Allen,TE,LA,DEN,0,-2.5,44.5,23.5,3.0,True,0.52,0.5233333333333333,0.43000000000000005,,,53,2,2.64,-0.29,7.77,2.64,,upcoming,,ppr,injury_analog_delta=-1.75 (-0.5); fp_roll=1.33 (-0.2); snap_pct_last=0.52 (+0.2)
2026,3,2026_03_LA_DEN,2026-09-27,00-0041496,Jonah Coleman,RB,DEN,LA,1,-2.5,44.5,21.0,3.0,False,0.4,0.23,0.23,Did Not Participate In Practice,Ankle,2,2,2.62,-0.32,7.74,2.62,,upcoming,,ppr,injury_severity=3 (-3.8); fp_roll=7.4 (+2.6); injury_analog_delta=-1.62 (-0.7)
2026,3,2026_03_ATL_GB,2026-09-24,00-0038090,Skyy Moore,WR,GB,ATL,1,4.5,43.5,24.0,4.0,False,0.36,0.18000000000000002,0.21,,,56,2,2.62,-0.31,7.74,2.62,,played,6.1,ppr,depth_rank_filled=4 (-0.9); fp_roll=0.867 (-0.6); position_code=3 (+0.2)
2026,3,2026_03_LA_DEN,2026-09-27,00-0036422,Adam Trautman,TE,DEN,LA,1,-2.5,44.5,21.0,2.0,True,0.65,0.5333333333333333,0.51,,,99,2,2.62,-0.31,7.74,2.62,,upcoming,,ppr,injury_analog_delta=-1.75 (-1.0); fp_season_avg=1.5 (-0.4); fp_roll=1 (-0.4)
2026,3,2026_03_LA_DEN,2026-09-27,00-0040590,Konata Mumpfield,WR,LA,DEN,0,-2.5,44.5,23.5,4.0,True,0.69,0.4766666666666666,0.475,,,19,2,2.57,-0.37,7.69,2.57,,upcoming,,ppr,fp_roll=0.733 (-1.0); depth_rank_filled=4 (-0.7); fp_season_avg=1.1 (-0.5)
2026,3,2026_03_ARI_SF,2026-09-27,00-0034854,KhaDarel Hodge,WR,SF,ARI,1,8.5,47.5,28.0,6.0,False,0.38,0.13333333333333333,0.2,,,127,2,2.55,-0.38,7.67,2.55,,upcoming,,ppr,depth_rank_filled=6 (-1.1); fp_roll=0.933 (-0.4); fp_season_avg=1.4 (-0.3)
2026,3,2026_03_SEA_WAS,2026-09-27,00-0036628,John Bates,TE,WAS,SEA,1,-7.5,40.5,16.5,3.0,True,0.31,0.4633333333333333,0.4,,,87,2,2.55,-0.38,7.67,2.55,,upcoming,,ppr,injury_analog_delta=-1.75 (-0.5); snap_pct_last=0.31 (-0.2); team_target_share=0.0696 (+0.2)
2026,3,2026_03_KC_MIA,2026-09-27,00-0041525,Chris Bell,WR,MIA,KC,1,-10.5,45.5,17.5,3.0,True,0.41,0.46499999999999997,0.46499999999999997,Limited Participation in Practice,Knee,2,2,2.55,-0.38,7.68,2.55,,upcoming,,ppr,depth_rank_filled=3 (-1.1); injury_severity=2 (-0.8); position_code=3 (+0.2)
2026,3,2026_03_CIN_PIT,2026-09-27,00-0040785,Dohnte Meyers,WR,CIN,PIT,0,-3.5,42.5,23.0,4.0,False,0.18,0.16999999999999998,0.16999999999999998,,,2,2,2.54,-0.39,7.66,2.54,,upcoming,,ppr,snap_pct_last=0.18 (-1.4); depth_rank_filled=4 (-0.4); team_rush_share=0.0185 (+0.4)
2026,3,2026_03_KC_MIA,2026-09-27,00-0041436,DJ Herman,RB,MIA,KC,1,-10.5,45.5,17.5,,False,0.29,0.28,0.28,,,2,2,2.54,-0.39,7.66,2.54,,upcoming,,ppr,depth_rank_filled=9 (-0.5); snap_pct_last=0.29 (-0.2); fp_season_avg=1.4 (-0.2)
2026,3,2026_03_ATL_GB,2026-09-24,00-0036463,Chris Blair,WR,ATL,GB,0,4.5,43.5,19.5,5.0,False,0.49,0.22,0.33,,,12,2,2.54,-0.39,7.67,2.54,,played,0.0,ppr,depth_rank_filled=5 (-2.3); fp_roll=0.533 (-0.9); fp_season_avg=0.8 (-0.5)
2026,3,2026_03_PHI_CHI,2026-09-28,00-0033246,Johnny Mundt,TE,PHI,CHI,0,-4.5,41.5,23.0,2.0,True,0.64,0.4366666666666667,0.5,,,126,2,2.49,-0.44,7.61,2.49,,upcoming,,ppr,injury_analog_delta=-1.75 (-1.2); fp_season_avg=1.4 (-0.4); fp_roll=1.8 (-0.2)
2026,3,2026_03_SEA_WAS,2026-09-27,00-0039912,Ben Sinnott,TE,WAS,SEA,1,-7.5,40.5,16.5,2.0,True,0.68,0.49666666666666676,0.47000000000000003,,,36,2,2.49,-0.45,7.61,2.49,,upcoming,,ppr,injury_analog_delta=-1.75 (-0.8); fp_season_avg=0.8 (-0.6); fp_roll=1.3 (-0.5)
2026,3,2026_03_NYJ_DET,2026-09-27,00-0037805,Jeremy Ruckert,TE,NYJ,DET,0,6.5,47.5,20.5,3.0,True,0.34,0.4566666666666667,0.385,,,69,2,2.47,-0.46,7.59,2.47,,upcoming,,ppr,injury_analog_delta=-1.75 (-0.4); depth_rank_filled=3 (-0.2); fp_roll=1.3 (-0.1)
2026,3,2026_03_SEA_WAS,2026-09-27,00-0038488,Brady Russell,RB,SEA,WAS,0,-7.5,40.5,24.0,,False,0.44,0.28,0.39,Limited Participation in Practice,Chest,50,2,2.42,-0.51,7.54,2.42,,upcoming,,ppr,depth_rank_filled=9 (-1.0); injury_severity=2 (-0.5); fp_roll=1.33 (-0.2)
2026,3,2026_03_HOU_IND,2026-09-27,00-0033217,Mo Alie-Cox,TE,IND,HOU,1,-1.5,42.5,20.5,2.0,True,0.38,0.35333333333333333,0.32,,,132,2,2.42,-0.52,7.54,2.42,,upcoming,,ppr,injury_analog_delta=-1.75 (-1.0); fp_season_avg=0 (-0.8); fp_roll=1.73 (-0.3)
2026,3,2026_03_CAR_CLE,2026-09-27,00-0036265,AJ Dillon,RB,CAR,CLE,0,-2.5,42.5,22.5,2.0,True,0.06,0.06333333333333334,0.08,,,81,2,2.37,-0.57,7.49,2.37,,upcoming,,ppr,snap_pct_last=0.06 (-1.8); fp_season_avg=1.25 (-0.8); team_rush_share=0.121 (+0.6)
2026,3,2026_03_HOU_IND,2026-09-27,00-0040179,DJ Giddens,RB,IND,HOU,1,-1.5,42.5,20.5,3.0,False,0.31,0.12666666666666668,0.0,,,19,2,2.33,-0.6,7.45,2.33,,upcoming,,ppr,fp_season_avg=0 (-1.2); team_rush_share=0.0952 (+0.8); depth_rank_filled=3 (-0.6)
2026,3,2026_03_CIN_PIT,2026-09-27,00-0039814,Erick All,TE,CIN,PIT,0,-3.5,42.5,23.0,3.0,True,0.42,0.365,0.365,,,11,2,2.32,-0.61,7.44,2.32,,upcoming,,ppr,injury_analog_delta=-1.75 (-0.5); fp_season_avg=1.25 (-0.4); depth_rank_filled=3 (-0.2)
2026,3,2026_03_NE_JAX,2026-09-27,00-0041503,Nate Boerkircher,TE,JAX,NE,1,3.0,46.5,24.75,2.0,True,0.39,0.53,0.53,,,2,2,2.31,-0.62,7.43,2.31,,upcoming,,ppr,injury_analog_delta=-1.75 (-0.8); fp_season_avg=0.95 (-0.5); fp_roll=0.95 (-0.4)
2026,3,2026_03_BAL_DAL,2026-09-27,00-0034798,Durham Smythe,TE,BAL,DAL,0,-3.5,53.5,28.5,2.0,True,0.55,0.4633333333333334,0.585,,,135,2,2.2,-0.74,7.32,2.2,,upcoming,,ppr,injury_analog_delta=-1.75 (-0.9); fp_roll=0.467 (-0.9); fp_season_avg=0.7 (-0.7)
2026,3,2026_03_KC_MIA,2026-09-27,00-0041529,Kevin Coleman Jr.,WR,MIA,KC,1,-10.5,45.5,17.5,4.0,True,0.46,0.375,0.375,,,2,2,2.16,-0.77,7.29,2.16,,upcoming,,ppr,fp_roll=0 (-1.0); fp_season_avg=0 (-0.8); depth_rank_filled=4 (-0.7)
2026,3,2026_03_SEA_WAS,2026-09-27,00-0037742,Treylon Burks,WR,WAS,SEA,1,-7.5,40.5,16.5,5.0,True,0.3,0.63,0.3,,,46,2,2.14,-0.79,7.27,2.14,,upcoming,,ppr,depth_rank_filled=5 (-1.0); fp_season_avg=0 (-0.5); fp_roll=1.07 (-0.3)
2026,3,2026_03_NE_JAX,2026-09-27,00-0036590,Quintin Morris,TE,JAX,NE,1,3.0,46.5,24.75,3.0,True,0.22,0.3566666666666667,0.32,,,69,2,2.09,-0.84,7.22,2.09,,upcoming,,ppr,injury_analog_delta=-1.75 (-0.5); snap_pct_last=0.22 (-0.4); depth_rank_filled=3 (-0.2)
2026,3,2026_03_MIN_TB,2026-09-27,00-0036425,DeeJay Dallas,RB,MIN,TB,0,-1.5,42.5,22.0,2.0,True,0.15,0.08,0.12,Limited Participation in Practice,Toe,94,2,2.08,-0.85,7.2,2.08,,upcoming,,ppr,snap_pct_last=0.15 (-1.1); injury_severity=2 (-0.5); fp_season_avg=2.05 (-0.2)
2026,3,2026_03_KC_MIA,2026-09-27,00-0040198,Ollie Gordon II,RB,MIA,KC,1,-10.5,45.5,17.5,3.0,False,0.19,0.20666666666666667,0.13,,,19,2,2.04,-0.89,7.17,2.04,,upcoming,,ppr,fp_season_avg=0.35 (-1.0); snap_pct_last=0.19 (-0.9); team_rush_share=0.156 (+0.7)
2026,3,2026_03_BAL_DAL,2026-09-27,00-0040879,Matthew Hibner,TE,BAL,DAL,0,-3.5,53.5,28.5,3.0,False,0.33,0.335,0.335,,,2,2,2.03,0.19,5.06,2.03,,upcoming,,ppr,fp_season_avg=1.15 (-0.4); injury_analog_delta=-1.75 (-0.4); fp_roll=1.15 (-0.3)
2026,3,2026_03_NE_JAX,2026-09-27,00-0040556,Corey Kiner,RB,NE,JAX,0,3.0,46.5,21.75,3.0,False,0.07,0.14333333333333334,0.09,,,8,2,2.03,-0.9,7.16,2.03,,upcoming,,ppr,snap_pct_last=0.07 (-1.6); fp_season_avg=0.55 (-0.8); team_rush_share=0.155 (+0.6)
2026,3,2026_03_LAC_BUF,2026-09-27,00-0037012,Trey Lance,QB,LAC,BUF,0,7.0,50.5,21.75,2.0,True,1.0,0.47333333333333333,0.0,,,72,2,1.96,0.11,4.99,1.96,,upcoming,,ppr,fp_season_avg=0 (-1.8); position_code=0 (-1.4); snap_pct_season=0 (-0.9)
2026,3,2026_03_SEA_WAS,2026-09-27,00-0041096,Kaytron Allen,RB,WAS,SEA,1,-7.5,40.5,16.5,3.0,False,0.08,0.09,0.09,Limited Participation in Practice,Hip,2,2,1.95,0.1,4.98,1.95,,upcoming,,ppr,injury_severity=2 (-0.9); depth_rank_filled=3 (-0.5); snap_pct_last=0.08 (-0.4)
2026,3,2026_03_NE_JAX,2026-09-27,00-0036187,Reggie Gilliam,RB,NE,JAX,0,3.0,46.5,21.75,,False,0.36,0.24666666666666667,0.27,Limited Participation in Practice,Knee,87,2,1.95,0.11,4.98,1.95,,upcoming,,ppr,injury_severity=2 (-1.3); depth_rank_filled=9 (-1.0); fp_season_avg=0.7 (-0.5)
2026,3,2026_03_TEN_NYG,2026-09-27,00-0040886,Nicholas Singleton,RB,TEN,NYG,0,2.5,38.5,18.0,3.0,False,0.11,0.11,0.11,,,2,2,1.92,0.08,4.95,1.92,,upcoming,,ppr,fp_season_avg=0.5 (-0.9); snap_pct_last=0.11 (-0.7); team_rush_share=0.069 (+0.7)
2026,3,2026_03_TEN_NYG,2026-09-27,00-0036893,Najee Harris,RB,NYG,TEN,1,2.5,38.5,20.5,3.0,False,0.14,0.20333333333333337,0.14,,,73,2,1.9,0.06,4.93,1.9,,upcoming,,ppr,fp_season_avg=0.3 (-1.0); team_rush_share=0.135 (+0.7); snap_pct_last=0.14 (-0.6)
2026,3,2026_03_NE_JAX,2026-09-27,00-0040131,Kyle Williams,WR,NE,JAX,0,3.0,46.5,21.75,4.0,False,0.2,0.27666666666666667,0.185,,,19,2,1.89,0.04,4.92,1.89,,upcoming,,ppr,snap_pct_last=0.2 (-0.7); fp_roll=0.833 (-0.6); fp_season_avg=1 (-0.5)
2026,3,2026_03_BAL_DAL,2026-09-27,00-0037801,KaVontae Turpin,WR,DAL,BAL,1,-3.5,53.5,25.0,4.0,False,0.09,0.13,0.115,,,70,2,1.88,0.03,4.91,1.88,,upcoming,,ppr,snap_pct_last=0.09 (-1.2); fp_season_avg=0.95 (-0.5); fp_roll=0.867 (-0.5)
2026,3,2026_03_ARI_SF,2026-09-27,00-0039041,Elijah Higgins,TE,ARI,SF,0,8.5,47.5,19.5,2.0,True,0.26,0.3766666666666667,0.265,,,53,2,1.88,0.04,4.91,1.88,,upcoming,,ppr,injury_analog_delta=-1.75 (-0.6); fp_season_avg=0 (-0.6); fp_roll=1.93 (-0.2)
2026,3,2026_03_KC_MIA,2026-09-27,00-0041524,Will Kacmarek,TE,MIA,KC,1,-10.5,45.5,17.5,2.0,True,0.47,0.36,0.36,,,2,2,1.87,0.02,4.89,1.87,,upcoming,,ppr,injury_analog_delta=-1.75 (-0.8); fp_roll=0.7 (-0.8); fp_season_avg=0.7 (-0.6)
2026,3,2026_03_BAL_DAL,2026-09-27,00-0038738,Hunter Luepke,RB,DAL,BAL,1,-3.5,53.5,25.0,,False,0.18,0.22666666666666666,0.22,,,34,2,1.86,0.01,4.88,1.86,,upcoming,,ppr,snap_pct_last=0.18 (-0.9); fp_season_avg=0.4 (-0.9); team_rush_share=0.0566 (+0.5)
2026,3,2026_03_LV_NO,2026-09-27,00-0040894,Malik Benson,WR,LV,NO,0,3.0,43.5,20.25,4.0,False,0.13,0.115,0.115,,,2,2,1.86,0.02,4.89,1.86,,upcoming,,ppr,snap_pct_last=0.13 (-1.1); fp_roll=0.4 (-0.5); fp_season_avg=0.4 (-0.5)
2026,3,2026_03_LV_NO,2026-09-27,00-0037304,Connor Heyward,RB,LV,NO,0,3.0,43.5,20.25,,False,0.3,0.30666666666666664,0.385,,,24,0,1.84,-0.01,4.87,1.84,,upcoming,,ppr,depth_rank_filled=9 (-1.2); fp_season_avg=0 (-0.8); fp_roll=1.5 (-0.3)
2026,3,2026_03_BAL_DAL,2026-09-27,00-0038547,Luke Schoonmaker,TE,DAL,BAL,1,-3.5,53.5,25.0,3.0,False,0.29,0.26666666666666666,0.255,,,53,2,1.82,-0.03,4.85,1.82,,upcoming,,ppr,fp_season_avg=1.1 (-0.5); injury_analog_delta=-1.75 (-0.4); fp_roll=1.47 (-0.2)
2026,3,2026_03_ARI_SF,2026-09-27,00-0040177,Jordan James,RB,SF,ARI,1,8.5,47.5,28.0,3.0,False,0.15,0.049999999999999996,0.15,,,19,2,1.81,-0.03,4.84,1.81,,upcoming,,ppr,snap_pct_last=0.15 (-1.0); fp_season_avg=0.75 (-0.9); team_rush_share=0.0494 (+0.7)
2026,3,2026_03_LA_DEN,2026-09-27,00-0036849,Tutu Atwell,WR,LA,DEN,0,-2.5,44.5,23.5,6.0,False,0.18,0.17,0.18,,,72,2,1.81,-0.03,4.84,1.81,,upcoming,,ppr,snap_pct_last=0.18 (-1.0); depth_rank_filled=6 (-0.8); fp_season_avg=1.45 (-0.2)
2026,3,2026_03_SEA_WAS,2026-09-27,00-0040648,Tory Horton,WR,SEA,WAS,0,-7.5,40.5,24.0,4.0,True,0.31,0.47666666666666674,0.31,,,12,2,1.8,-0.04,4.83,1.8,,upcoming,,ppr,fp_roll=0 (-0.9); fp_season_avg=0 (-0.7); position_code=3 (+0.6)
2026,3,2026_03_PHI_CHI,2026-09-28,00-0041558,Sam Roush,TE,CHI,PHI,1,-4.5,41.5,18.5,3.0,False,0.27,0.21500000000000002,0.21500000000000002,,,2,2,1.79,-0.06,4.81,1.79,,upcoming,,ppr,fp_season_avg=0.95 (-0.4); injury_analog_delta=-1.75 (-0.4); fp_roll=0.95 (-0.3)
2026,3,2026_03_TEN_NYG,2026-09-27,00-0039847,Theo Johnson,TE,NYG,TEN,1,2.5,38.5,20.5,2.0,True,0.28,0.5666666666666667,0.37,,,31,2,1.78,-0.07,4.81,1.78,,upcoming,,ppr,fp_roll=0.633 (-0.6); injury_analog_delta=-1.75 (-0.5); fp_season_avg=0.95 (-0.4)
2026,3,2026_03_CAR_CLE,2026-09-27,00-0040782,Isaiah Bond,WR,CLE,CAR,1,-2.5,42.5,20.0,4.0,False,0.07,0.25,0.10500000000000001,,,19,2,1.78,-0.06,4.81,1.78,,upcoming,,ppr,snap_pct_last=0.07 (-1.7); depth_rank_filled=4 (-0.5); fp_season_avg=1 (-0.5)
2026,3,2026_03_HOU_IND,2026-09-27,00-0041125,Seth McGowan,RB,IND,HOU,1,-1.5,42.5,20.5,2.0,True,0.06,0.08499999999999999,0.08499999999999999,,,2,2,1.76,-0.09,4.79,1.76,,upcoming,,ppr,snap_pct_last=0.06 (-1.1); fp_roll=0.5 (-0.7); fp_season_avg=0.5 (-0.6)
2026,3,2026_03_NYJ_DET,2026-09-27,00-0036754,Brock Wright,TE,DET,NYJ,1,6.5,47.5,27.0,2.0,True,0.26,0.5499999999999999,0.385,,,75,2,1.75,-0.1,4.77,1.75,,upcoming,,ppr,fp_roll=0.5 (-0.8); fp_season_avg=0.75 (-0.6); injury_analog_delta=-1.75 (-0.5)
2026,3,2026_03_LA_DEN,2026-09-27,00-0038359,Xavier Smith,WR,LA,DEN,0,-2.5,44.5,23.5,5.0,False,0.42,0.33666666666666667,0.33999999999999997,,,34,2,1.75,-0.09,4.78,1.75,,upcoming,,ppr,depth_rank_filled=5 (-1.1); fp_roll=0.533 (-0.9); fp_season_avg=0 (-0.7)
2026,3,2026_03_CIN_PIT,2026-09-27,00-0036139,Rico Dowdle,RB,PIT,CIN,1,-3.5,42.5,19.5,2.0,True,0.26,0.4566666666666667,0.42,Did Not Participate In Practice,Toe,74,2,1.72,-0.13,4.75,1.72,,upcoming,,ppr,injury_severity=3 (-4.0); team_rush_share=0.395 (+0.8); fp_roll=4.5 (+0.8)
2026,3,2026_03_SEA_WAS,2026-09-27,00-0033576,Eric Saubert,TE,SEA,WAS,0,-7.5,40.5,24.0,2.0,True,0.24,0.37999999999999995,0.22,,,120,2,1.71,-0.13,4.74,1.71,,upcoming,,ppr,fp_season_avg=0 (-0.6); injury_analog_delta=-1.75 (-0.5); fp_roll=1 (-0.4)
2026,3,2026_03_LAC_BUF,2026-09-27,00-0038046,Charlie Kolar,TE,LAC,BUF,0,7.0,50.5,21.75,1.0,True,0.62,0.47333333333333333,0.585,Did Not Participate In Practice,Forearm,57,2,1.7,-0.15,4.73,1.7,,upcoming,,ppr,injury_analog_delta=-2.7 (-1.7); injury_severity=3 (-1.6); depth_rank_filled=1 (+0.5)
2026,3,2026_03_MIN_TB,2026-09-27,00-0040506,Myles Price,WR,MIN,TB,0,-1.5,42.5,22.0,5.0,False,0.5,0.18333333333333335,0.275,,,19,2,1.7,-0.15,4.73,1.7,,upcoming,,ppr,depth_rank_filled=5 (-1.1); fp_roll=0 (-1.1); fp_season_avg=0 (-0.9)
2026,3,2026_03_KC_MIA,2026-09-27,00-0039874,Jaylen Wright,RB,MIA,KC,1,-10.5,45.5,17.5,2.0,True,0.05,0.19333333333333336,0.060000000000000005,Limited Participation in Practice,Stinger,36,2,1.69,-0.15,4.72,1.69,,upcoming,,ppr,snap_pct_last=0.05 (-1.3); fp_season_avg=0.5 (-0.8); injury_severity=2 (-0.7)
2026,3,2026_03_KC_MIA,2026-09-27,00-0040014,Kyle McCord,QB,MIA,KC,1,-10.5,45.5,17.5,2.0,False,0.0,0.0,0.0,,,2,2,1.68,-0.17,4.71,1.68,,upcoming,,ppr,position_code=0 (-0.9); fp_roll=0 (-0.7); fp_season_avg=0 (-0.7)
2026,3,2026_03_ATL_GB,2026-09-24,00-0041194,Jack Strand,QB,ATL,GB,0,4.5,43.5,19.5,4.0,True,0.42,0.42,0.42,,,2,2,1.64,-0.2,4.67,1.64,,played,0.0,ppr,fp_season_avg=-0.02 (-1.6); fp_roll=-0.02 (-1.2); depth_rank_filled=4 (-0.9)
2026,3,2026_03_CAR_CLE,2026-09-27,00-0038840,Brycen Tremayne,WR,CAR,CLE,0,-2.5,42.5,22.5,4.0,False,0.17,0.16333333333333336,0.175,,,21,2,1.61,-0.23,4.64,1.61,,upcoming,,ppr,snap_pct_last=0.17 (-1.0); fp_season_avg=0 (-0.6); depth_rank_filled=4 (-0.5)
2026,3,2026_03_MIN_TB,2026-09-27,00-0039855,Jalen McMillan,WR,TB,MIN,1,-1.5,42.5,20.5,3.0,True,0.11,0.39333333333333337,0.11,Full Participation in Practice,Knee,23,2,1.59,-0.26,4.61,1.59,,upcoming,,ppr,snap_pct_last=0.11 (-0.7); fp_roll=0.7 (-0.5); fp_season_avg=0 (-0.4)
2026,3,2026_03_LV_NO,2026-09-27,00-0034365,Ian Thomas,TE,LV,NO,0,3.0,43.5,20.25,3.0,True,0.49,0.4466666666666666,0.475,,,119,2,1.59,-0.26,4.62,1.59,,upcoming,,ppr,fp_roll=0.7 (-0.7); fp_season_avg=1.05 (-0.6); injury_analog_delta=-1.75 (-0.4)
2026,3,2026_03_ARI_SF,2026-09-27,00-0037157,Bam Knight,RB,ARI,SF,0,8.5,47.5,19.5,3.0,False,0.06,0.03999999999999996,0.05,,,29,2,1.56,-0.28,4.59,1.56,,upcoming,,ppr,snap_pct_last=0.06 (-1.1); fp_season_avg=1.2 (-0.9); team_rush_share=0.0551 (+0.6)
2026,3,2026_03_CIN_PIT,2026-09-27,00-0041069,Colbie Young,WR,CIN,PIT,0,-3.5,42.5,23.0,3.0,True,0.17,0.15500000000000003,0.15500000000000003,,,2,2,1.55,-0.29,4.58,1.55,,upcoming,,ppr,snap_pct_last=0.17 (-0.8); fp_roll=0.85 (-0.5); fp_season_avg=0.85 (-0.5)
2026,3,2026_03_NE_JAX,2026-09-27,00-0040234,Quinn Ewers,QB,JAX,NE,1,3.0,46.5,24.75,2.0,True,0.95,0.9833333333333334,0.0,,,19,2,1.54,-0.3,4.57,1.54,,upcoming,,ppr,position_code=0 (-2.1); fp_season_avg=0 (-1.2); snap_pct_season=0 (-0.9)
2026,3,2026_03_SEA_WAS,2026-09-27,00-0040739,Elijah Arroyo,TE,SEA,WAS,0,-7.5,40.5,24.0,3.0,False,0.21,0.18000000000000002,0.215,,,15,2,1.53,-0.31,4.56,1.53,,upcoming,,ppr,fp_roll=0.9 (-0.4); snap_pct_last=0.21 (-0.3); injury_analog_delta=-1.75 (-0.3)
2026,3,2026_03_LAC_BUF,2026-09-27,00-0039391,Kimani Vidal,RB,LAC,BUF,0,7.0,50.5,21.75,3.0,False,0.1,0.12333333333333334,0.085,,,33,2,1.52,-0.33,4.54,1.52,,upcoming,,ppr,fp_season_avg=0 (-0.9); fp_roll=0.667 (-0.6); team_rush_share=0.0476 (+0.5)
2026,3,2026_03_NE_JAX,2026-09-27,00-0040563,Efton Chism III,WR,NE,JAX,0,3.0,46.5,21.75,5.0,True,0.18,0.4133333333333333,0.18,,,19,2,1.51,-0.34,4.54,1.51,,upcoming,,ppr,snap_pct_last=0.18 (-1.0); depth_rank_filled=5 (-0.9); fp_season_avg=0.4 (-0.6)
2026,3,2026_03_PHI_CHI,2026-09-28,00-0036980,Elijah Moore,WR,PHI,CHI,0,-4.5,41.5,23.0,6.0,False,0.41,0.3466666666666667,0.0,,,76,2,1.48,-0.37,4.51,1.48,,upcoming,,ppr,depth_rank_filled=6 (-2.4); fp_season_avg=0 (-0.7); fp_roll=0.233 (-0.6)
2026,3,2026_03_TEN_NYG,2026-09-27,00-0040705,Chimere Dike,WR,TEN,NYG,0,2.5,38.5,18.0,5.0,False,0.04,0.27999999999999997,0.06,,,19,2,1.46,-0.38,4.49,1.46,,upcoming,,ppr,snap_pct_last=0.04 (-1.4); depth_rank_filled=5 (-1.1); fp_season_avg=0.85 (-0.4)
2026,3,2026_03_HOU_IND,2026-09-27,00-0039603,British Brooks,RB,HOU,IND,0,-1.5,42.5,22.0,3.0,False,0.0,0.08666666666666666,0.0,,,24,2,1.43,-0.41,4.46,1.43,,upcoming,,ppr,fp_season_avg=0 (-1.0); snap_pct_last=0 (-0.9); depth_rank_filled=3 (-0.8)
2026,3,2026_03_ARI_SF,2026-09-27,00-0029892,Kyle Juszczyk,RB,SF,ARI,1,8.5,47.5,28.0,,True,0.44,0.46666666666666673,0.475,,,7,0,1.41,-0.44,4.44,1.41,,upcoming,,ppr,depth_rank_filled=9 (-1.3); fp_roll=0 (-1.1); fp_season_avg=0 (-1.1)
2026,3,2026_03_LA_DEN,2026-09-27,00-0038976,Marvin Mims Jr.,WR,DEN,LA,1,-2.5,44.5,21.0,3.0,True,0.18,0.3233333333333333,0.18,Limited Participation in Practice,Foot,53,2,1.37,-0.47,4.4,1.37,,upcoming,,ppr,snap_pct_last=0.18 (-1.0); fp_season_avg=0 (-0.4); depth_rank_filled=3 (-0.4)
2026,3,2026_03_KC_MIA,2026-09-27,00-0040078,Brashard Smith,RB,KC,MIA,0,-10.5,45.5,28.0,3.0,False,0.0,0.17666666666666667,0.0,,,19,2,1.37,-0.48,4.4,1.37,,upcoming,,ppr,snap_pct_last=0 (-1.4); depth_rank_filled=3 (-1.0); fp_season_avg=0 (-0.9)
2026,3,2026_03_LV_NO,2026-09-27,00-0037093,Dareke Young,WR,LV,NO,0,3.0,43.5,20.25,5.0,False,0.19,0.15333333333333335,0.16999999999999998,Limited Participation in Practice,Hamstring,56,2,1.36,-0.49,4.39,1.36,,upcoming,,ppr,snap_pct_last=0.19 (-0.8); depth_rank_filled=5 (-0.8); injury_severity=2 (-0.4)
2026,3,2026_03_SEA_WAS,2026-09-27,00-0039686,Colson Yankoff,TE,WAS,SEA,1,-7.5,40.5,16.5,4.0,False,0.3,0.17333333333333334,0.16499999999999998,,,28,2,1.36,-0.49,4.38,1.36,,upcoming,,ppr,fp_roll=0.8 (-0.6); fp_season_avg=1.2 (-0.5); injury_analog_delta=-1.75 (-0.3)
2026,3,2026_03_CIN_PIT,2026-09-27,00-0038619,Andrei Iosivas,WR,CIN,PIT,0,-3.5,42.5,23.0,6.0,True,0.53,0.5566666666666668,0.5700000000000001,Did Not Participate In Practice,Thumb,53,2,1.34,-0.51,4.37,1.34,,upcoming,,ppr,injury_severity=3 (-2.5); depth_rank_filled=6 (-0.9); snap_pct_last=0.53 (+0.3)
2026,3,2026_03_CAR_CLE,2026-09-27,00-0037614,John Metchie III,WR,CAR,CLE,0,-2.5,42.5,22.5,5.0,True,0.11,0.5266666666666667,0.11,,,53,2,1.33,-0.52,4.36,1.33,,upcoming,,ppr,depth_rank_filled=5 (-1.3); snap_pct_last=0.11 (-1.1); fp_season_avg=0 (-0.8)
2026,3,2026_03_BAL_DAL,2026-09-27,00-0039062,Jonathan Mingo,WR,DAL,BAL,1,-3.5,53.5,25.0,5.0,False,0.2,0.27666666666666667,0.195,,,46,2,1.33,-0.51,4.36,1.33,,upcoming,,ppr,depth_rank_filled=5 (-0.7); fp_roll=0.667 (-0.7); snap_pct_last=0.2 (-0.7)
2026,3,2026_03_HOU_IND,2026-09-27,00-0037292,Andrew Ogletree,TE,IND,HOU,1,-1.5,42.5,20.5,3.0,False,0.29,0.16,0.19999999999999998,,,49,2,1.32,-0.53,4.34,1.32,,upcoming,,ppr,fp_season_avg=0 (-0.6); fp_roll=0.7 (-0.6); injury_analog_delta=-1.75 (-0.3)
2026,3,2026_03_HOU_IND,2026-09-27,00-0041472,Marlin Klein,TE,HOU,IND,0,-1.5,42.5,22.0,3.0,False,0.11,0.11,0.11,,,2,2,1.32,-0.52,4.35,1.32,,upcoming,,ppr,snap_pct_last=0.11 (-0.7); fp_season_avg=1.3 (-0.3); injury_analog_delta=-1.75 (-0.2)
2026,3,2026_03_TEN_NYG,2026-09-27,00-0033376,Patrick Ricard,RB,NYG,TEN,1,2.5,38.5,20.5,,True,0.31,0.4533333333333334,0.42500000000000004,,,94,2,1.31,-0.54,4.34,1.31,,upcoming,,ppr,fp_season_avg=0 (-0.8); fp_roll=0.6 (-0.8); depth_rank_filled=9 (-0.5)
2026,3,2026_03_KC_MIA,2026-09-27,00-0037666,Jalen Tolbert,WR,MIA,KC,1,-10.5,45.5,17.5,5.0,True,0.38,0.4166666666666667,0.0,,,70,2,1.3,-0.55,4.33,1.3,,upcoming,,ppr,depth_rank_filled=5 (-2.4); fp_season_avg=0 (-0.8); fp_roll=0 (-0.6)
2026,3,2026_03_TEN_NYG,2026-09-27,00-0031235,Odell Beckham Jr.,WR,NYG,TEN,1,2.5,38.5,20.5,4.0,False,0.05,0.10500000000000001,0.10500000000000001,,,105,2,1.3,-0.55,4.33,1.3,,upcoming,,ppr,snap_pct_last=0.05 (-0.7); fp_roll=0.367 (-0.6); fp_season_avg=0 (-0.5)
2026,3,2026_03_NYJ_DET,2026-09-27,00-0041267,Malik McClain,WR,NYJ,DET,0,6.5,47.5,20.5,4.0,False,0.0,0.0,0.0,,,0,0,1.28,-0.57,4.3,1.28,,upcoming,,ppr,depth_rank_filled=4 (-1.9); snap_pct_last=0 (-0.6); fp_season_avg=0 (-0.5)
2026,3,2026_03_CIN_PIT,2026-09-27,00-0036862,Ben Skowronek,WR,PIT,CIN,1,-3.5,42.5,19.5,5.0,False,0.21,0.10666666666666667,0.105,,,81,2,1.26,-0.58,4.29,1.26,,upcoming,,ppr,depth_rank_filled=5 (-0.9); fp_roll=0.4 (-0.8); fp_season_avg=0.6 (-0.5)
2026,3,2026_03_KC_MIA,2026-09-27,00-0040398,Brady Cook,QB,MIA,KC,1,-10.5,45.5,17.5,3.0,True,1.0,1.0,0.0,,,9,2,1.22,-0.62,4.25,1.22,,upcoming,,ppr,fp_season_avg=0 (-1.4); snap_pct_season=0 (-1.4); depth_rank_filled=3 (-1.0)
2026,3,2026_03_HOU_IND,2026-09-27,00-0040206,Riley Leonard,QB,IND,HOU,1,-1.5,42.5,20.5,3.0,True,1.0,0.3633333333333333,0.0,,,19,2,1.2,-0.64,4.23,1.2,,upcoming,,ppr,snap_pct_season=0 (-2.3); depth_rank_filled=3 (-1.6); position_code=0 (-1.5)
2026,3,2026_03_ATL_GB,2026-09-24,00-0037091,Bo Melton,WR,GB,ATL,1,4.5,43.5,24.0,5.0,False,0.15,0.17333333333333334,0.135,Full Participation in Practice,Neck,42,2,1.2,-0.65,4.22,1.2,,played,0.0,ppr,snap_pct_last=0.15 (-0.9); depth_rank_filled=5 (-0.7); fp_roll=0.667 (-0.5)
2026,3,2026_03_LAC_BUF,2026-09-27,00-0040194,Jackson Hawes,TE,BUF,LAC,1,7.0,50.5,28.75,3.0,True,0.5,0.40666666666666657,0.46499999999999997,,,19,2,1.2,-0.65,4.23,1.2,,upcoming,,ppr,fp_season_avg=0 (-0.9); fp_roll=0.333 (-0.9); injury_analog_delta=-1.75 (-0.3)
2026,3,2026_03_LAC_BUF,2026-09-27,00-0035125,Alec Ingold,RB,LAC,BUF,0,7.0,50.5,21.75,,True,0.41,0.4466666666666667,0.395,,,2,0,1.19,-0.65,4.22,1.19,,upcoming,,ppr,depth_rank_filled=9 (-1.4); fp_roll=0 (-1.1); fp_season_avg=0 (-1.1)
2026,3,2026_03_CAR_CLE,2026-09-27,00-0036630,Tylan Wallace,WR,CLE,CAR,1,-2.5,42.5,20.0,5.0,False,0.24,0.18333333333333332,0.265,,,78,2,1.19,-0.65,4.22,1.19,,upcoming,,ppr,depth_rank_filled=5 (-1.0); fp_roll=0 (-0.9); fp_season_avg=0 (-0.8)
2026,3,2026_03_HOU_IND,2026-09-27,00-0036898,Davis Mills,QB,HOU,IND,0,-1.5,42.5,22.0,2.0,True,0.35,0.7833333333333332,0.0,,,87,2,1.17,0.07,2.47,1.17,,upcoming,,ppr,position_code=0 (-1.6); fp_season_avg=0 (-1.1); fp_roll=0.88 (-0.7)
2026,3,2026_03_ARI_SF,2026-09-27,00-0035289,Gardner Minshew,QB,ARI,SF,0,8.5,47.5,19.5,2.0,False,0.31,0.19666666666666668,0.0,,,111,2,1.16,0.07,2.46,1.16,,upcoming,,ppr,position_code=0 (-1.1); fp_season_avg=0 (-1.0); fp_roll=0.467 (-0.8)
2026,3,2026_03_KC_MIA,2026-09-27,00-0040081,Jake Briningstool,TE,KC,MIA,0,-10.5,45.5,28.0,3.0,False,0.12,0.155,0.155,,,2,2,1.14,0.04,2.44,1.14,,upcoming,,ppr,snap_pct_last=0.12 (-0.8); fp_season_avg=0.95 (-0.5); fp_roll=0.95 (-0.3)
2026,3,2026_03_NYJ_DET,2026-09-27,00-0039798,Isaiah Davis,RB,NYJ,DET,0,6.5,47.5,20.5,3.0,False,0.0,0.043333333333333335,0.0,,,35,2,1.13,0.03,2.43,1.13,,upcoming,,ppr,fp_season_avg=0 (-0.7); snap_pct_last=0 (-0.7); depth_rank_filled=3 (-0.5)
2026,3,2026_03_PHI_CHI,2026-09-28,00-0038416,Tyson Bagent,QB,CHI,PHI,1,-4.5,41.5,18.5,2.0,False,0.14,0.060000000000000005,0.14,,,53,2,1.13,0.03,2.43,1.13,,upcoming,,ppr,fp_roll=0.72 (-0.8); fp_season_avg=1.08 (-0.6); snap_pct_last=0.14 (-0.5)
2026,3,2026_03_ARI_SF,2026-09-27,00-0038640,Jalen Brooks,WR,ARI,SF,0,8.5,47.5,19.5,4.0,False,0.04,0.12000000000000001,0.045,,,42,2,1.13,0.03,2.43,1.13,,upcoming,,ppr,snap_pct_last=0.04 (-0.6); fp_season_avg=0 (-0.5); fp_roll=0 (-0.5)
2026,3,2026_03_CAR_CLE,2026-09-27,00-0039920,Malachi Corley,WR,CLE,CAR,1,-2.5,42.5,20.0,6.0,False,0.0,0.13999999999999999,0.0,,,32,2,1.13,0.03,2.43,1.13,,upcoming,,ppr,snap_pct_last=0 (-1.2); depth_rank_filled=6 (-0.9); fp_season_avg=0 (-0.7)
2026,3,2026_03_KC_MIA,2026-09-27,00-0040890,Cyrus Allen,WR,KC,MIA,0,-10.5,45.5,28.0,4.0,False,0.04,0.025,0.025,,,2,2,1.12,0.02,2.42,1.12,,upcoming,,ppr,snap_pct_last=0.04 (-0.7); depth_rank_filled=4 (-0.5); fp_season_avg=0 (-0.5)
2026,3,2026_03_LA_DEN,2026-09-27,00-0039751,Jordan Whittington,WR,LA,DEN,0,-2.5,44.5,23.5,3.0,True,0.41,0.20333333333333334,0.41,Did Not Participate In Practice,Quadricep,36,2,1.1,0.0,2.4,1.1,,upcoming,,ppr,injury_severity=3 (-1.1); depth_rank_filled=3 (-0.8); fp_season_avg=0.9 (+0.4)
2026,3,2026_03_CAR_CLE,2026-09-27,00-0038102,Kenny Pickett,QB,CAR,CLE,0,-2.5,42.5,22.5,2.0,False,0.06,0.11333333333333334,0.08,,,70,2,1.1,0.0,2.4,1.1,,upcoming,,ppr,fp_roll=0.34 (-0.9); snap_pct_last=0.06 (-0.7); fp_season_avg=1 (-0.7)
2026,3,2026_03_HOU_IND,2026-09-27,00-0041132,Deion Burks,WR,IND,HOU,1,-1.5,42.5,20.5,6.0,False,0.05,0.025,0.025,,,2,2,1.09,-0.01,2.39,1.09,,upcoming,,ppr,snap_pct_last=0.05 (-1.3); depth_rank_filled=6 (-0.7); fp_season_avg=0.7 (-0.6)
2026,3,2026_03_LA_DEN,2026-09-27,00-0035406,Lil'Jordan Humphrey,WR,DEN,LA,1,-2.5,44.5,21.0,6.0,False,0.05,0.3066666666666667,0.05,,,75,1,1.08,-0.02,2.38,1.08,,upcoming,,ppr,depth_rank_filled=6 (-1.2); snap_pct_last=0.05 (-1.1); fp_season_avg=0 (-0.5)
2026,3,2026_03_NYJ_DET,2026-09-27,00-0040736,Mason Taylor,TE,NYJ,DET,0,6.5,47.5,20.5,2.0,True,0.46,0.5933333333333334,0.56,Did Not Participate In Practice,Thumb,18,2,1.08,-0.02,2.38,1.08,,upcoming,,ppr,injury_severity=3 (-1.1); injury_analog_delta=-2.7 (-0.8); fp_roll=0.6 (-0.2)
2026,3,2026_03_LA_DEN,2026-09-27,00-0039107,Stetson Bennett,QB,LA,DEN,0,-2.5,44.5,23.5,2.0,False,0.16,0.16,0.16,,,37,2,1.07,-0.03,2.37,1.07,,upcoming,,ppr,fp_roll=0.473 (-0.8); snap_pct_last=0.16 (-0.7); fp_season_avg=0.71 (-0.6)
2026,3,2026_03_NYJ_DET,2026-09-27,00-0033949,Joshua Dobbs,QB,DET,NYJ,1,6.5,47.5,27.0,2.0,False,0.24,0.19999999999999998,0.0,,,132,2,1.06,-0.04,2.36,1.06,,upcoming,,ppr,position_code=0 (-1.1); fp_season_avg=0 (-1.0); fp_roll=0.307 (-0.8)
2026,3,2026_03_PHI_CHI,2026-09-28,00-0041051,Zavion Thomas,WR,CHI,PHI,1,-4.5,41.5,18.5,4.0,False,0.03,0.015,0.015,,,2,2,1.05,-0.05,2.35,1.05,,upcoming,,ppr,snap_pct_last=0.03 (-0.6); fp_season_avg=0 (-0.5); depth_rank_filled=4 (-0.5)
2026,3,2026_03_MIN_TB,2026-09-27,00-0040154,Tai Felton,WR,MIN,TB,0,-1.5,42.5,22.0,4.0,False,0.0,0.06,0.025,,,19,2,1.05,-0.05,2.35,1.05,,upcoming,,ppr,snap_pct_last=0 (-0.6); fp_season_avg=0 (-0.5); depth_rank_filled=4 (-0.4)
2026,3,2026_03_MIN_TB,2026-09-27,00-0041081,Max Bredeson,RB,MIN,TB,0,-1.5,42.5,22.0,,True,0.33,0.35,0.35,,,2,2,1.04,-0.06,2.34,1.04,,upcoming,,ppr,fp_roll=0 (-1.1); fp_season_avg=0 (-1.0); depth_rank_filled=9 (-0.5)
2026,3,2026_03_LAC_BUF,2026-09-27,00-0040363,Keleki Latu,TE,BUF,LAC,1,7.0,50.5,28.75,4.0,False,0.08,0.27666666666666667,0.07500000000000001,,,7,2,1.04,-0.06,2.34,1.04,,upcoming,,ppr,snap_pct_last=0.08 (-0.8); fp_season_avg=0 (-0.6); depth_rank_filled=4 (-0.3)
2026,3,2026_03_LV_NO,2026-09-27,00-0041041,Oscar Delp,TE,NO,LV,1,3.0,43.5,23.25,3.0,False,0.13,0.13,0.13,,,2,2,1.02,-0.08,2.32,1.02,,upcoming,,ppr,snap_pct_last=0.13 (-0.5); fp_season_avg=0.9 (-0.5); fp_roll=0.9 (-0.4)
2026,3,2026_03_CAR_CLE,2026-09-27,00-0040668,Shedeur Sanders,QB,CLE,CAR,1,-2.5,42.5,20.0,2.0,True,1.0,0.9933333333333333,0.0,,,19,2,1.01,-0.09,2.31,1.01,,upcoming,,ppr,position_code=0 (-2.0); fp_season_avg=0 (-1.7); snap_pct_season=0 (-1.0)
2026,3,2026_03_HOU_IND,2026-09-27,00-0039359,Cade Stover,TE,HOU,IND,0,-1.5,42.5,22.0,4.0,False,0.1,0.2966666666666667,0.2,,,28,2,1.01,-0.09,2.31,1.01,,upcoming,,ppr,snap_pct_last=0.1 (-0.5); fp_season_avg=0.4 (-0.5); fp_roll=0.9 (-0.4)
2026,3,2026_03_MIN_TB,2026-09-27,00-0039923,J.J. McCarthy,QB,MIN,TB,0,-1.5,42.5,22.0,3.0,True,0.64,0.7200000000000001,0.0,,,19,2,1.01,-0.09,2.31,1.01,,upcoming,,ppr,fp_season_avg=0 (-1.5); snap_pct_season=0 (-1.3); position_code=0 (-1.0)
2026,3,2026_03_CIN_PIT,2026-09-27,00-0034771,Mason Rudolph,QB,PIT,CIN,1,-3.5,42.5,19.5,2.0,True,0.04,0.39999999999999997,0.04,,,134,2,1.0,-0.1,2.3,1.0,,upcoming,,ppr,fp_roll=0.1 (-0.6); fp_season_avg=0.15 (-0.6); position_code=0 (-0.6)
2026,3,2026_03_LAC_BUF,2026-09-27,00-0038573,Derius Davis,WR,LAC,BUF,0,7.0,50.5,21.75,6.0,False,0.12,0.32,0.15,,,53,2,0.99,-0.11,2.29,0.99,,upcoming,,ppr,snap_pct_last=0.12 (-0.7); depth_rank_filled=6 (-0.7); fp_season_avg=0 (-0.6)
2026,3,2026_03_NYJ_DET,2026-09-27,00-0035544,Tom Kennedy,WR,DET,NYJ,1,6.5,47.5,27.0,4.0,False,0.0,0.0033333333333333335,0.0,,,40,2,0.99,-0.11,2.29,0.99,,upcoming,,ppr,snap_pct_last=0 (-0.6); fp_season_avg=0 (-0.5); depth_rank_filled=4 (-0.5)
2026,3,2026_03_MIN_TB,2026-09-27,00-0041104,Demond Claiborne,RB,MIN,TB,0,-1.5,42.5,22.0,3.0,False,0.04,0.04,0.04,,,2,2,0.99,-0.11,2.29,0.99,,upcoming,,ppr,snap_pct_last=0.04 (-0.9); fp_season_avg=0.6 (-0.5); depth_rank_filled=3 (-0.4)
2026,3,2026_03_PHI_CHI,2026-09-28,00-0037132,Britain Covey,WR,PHI,CHI,0,-4.5,41.5,23.0,7.0,False,0.0,0.18333333333333335,0.0,,,50,2,0.96,-0.14,2.26,0.96,,upcoming,,ppr,snap_pct_last=0 (-1.2); depth_rank_filled=7 (-1.1); fp_season_avg=0 (-0.7)
2026,3,2026_03_TEN_NYG,2026-09-27,00-0039648,David Martin-Robinson,TE,TEN,NYG,0,2.5,38.5,18.0,3.0,False,0.13,0.18000000000000002,0.065,,,36,2,0.94,-0.16,2.24,0.94,,upcoming,,ppr,fp_season_avg=0 (-0.6); snap_pct_last=0.13 (-0.5); fp_roll=0.8 (-0.4)
2026,3,2026_03_ATL_GB,2026-09-24,00-0040598,Mark Redman,TE,GB,ATL,1,4.5,43.5,24.0,4.0,False,0.34,0.325,0.325,,,2,2,0.94,-0.16,2.24,0.94,,played,0.0,ppr,fp_roll=0 (-0.9); fp_season_avg=0 (-0.9); depth_rank_filled=4 (-0.3)
2026,3,2026_03_ATL_GB,2026-09-24,00-0037317,Nick Muse,TE,ATL,GB,0,4.5,43.5,19.5,4.0,False,0.2,0.14,0.14,Full Participation in Practice,Shoulder,34,2,0.91,-0.19,2.21,0.91,,played,0.0,ppr,depth_rank_filled=4 (-1.0); fp_season_avg=0 (-0.8); fp_roll=0 (-0.7)
2026,3,2026_03_ARI_SF,2026-09-27,00-0038643,Brayden Willis,TE,SF,ARI,1,8.5,47.5,28.0,3.0,False,0.25,0.09000000000000001,0.25,,,37,1,0.91,-0.19,2.21,0.91,,upcoming,,ppr,fp_season_avg=0 (-0.9); fp_roll=0 (-0.9); depth_rank_filled=3 (-0.3)
2026,3,2026_03_MIN_TB,2026-09-27,00-0041251,Jalon Daniels,QB,TB,MIN,1,-1.5,42.5,20.5,2.0,False,0.0,0.0,0.0,,,2,2,0.91,-0.19,2.21,0.91,,upcoming,,ppr,position_code=0 (-1.4); fp_roll=0 (-0.7); fp_season_avg=0 (-0.7)
2026,3,2026_03_SEA_WAS,2026-09-27,00-0040058,Nick Kallerup,TE,SEA,WAS,0,-7.5,40.5,24.0,4.0,False,0.27,0.13,0.27,,,19,2,0.89,-0.21,2.19,0.89,,upcoming,,ppr,fp_season_avg=0 (-0.9); fp_roll=0 (-0.9); depth_rank_filled=4 (-0.3)
2026,3,2026_03_ARI_SF,2026-09-27,00-0036972,Mac Jones,QB,SF,ARI,1,8.5,47.5,28.0,2.0,False,0.15,0.08666666666666667,0.15,,,87,2,0.89,-0.2,2.19,0.89,,upcoming,,ppr,fp_roll=-0.0667 (-0.9); fp_season_avg=-0.1 (-0.9); position_code=0 (-0.6)
2026,3,2026_03_NE_JAX,2026-09-27,00-0038476,Tommy DeVito,QB,NE,JAX,0,3.0,46.5,21.75,2.0,False,0.0,0.0,0.0,,,48,2,0.88,-0.22,2.17,0.88,,upcoming,,ppr,position_code=0 (-1.8); fp_roll=0 (-0.7); fp_season_avg=0 (-0.7)
2026,3,2026_03_CAR_CLE,2026-09-27,00-0031595,Michael Burton,RB,CLE,CAR,1,-2.5,42.5,20.0,,False,0.17,0.14500000000000002,0.14500000000000002,,,10,0,0.86,-0.24,2.16,0.86,,upcoming,,ppr,depth_rank_filled=9 (-1.0); fp_season_avg=0 (-0.8); fp_roll=0 (-0.7)
2026,3,2026_03_LV_NO,2026-09-27,00-0041562,Fernando Mendoza,QB,LV,NO,0,3.0,43.5,20.25,2.0,False,0.0,0.0,0.0,,,2,2,0.85,-0.25,2.15,0.85,,upcoming,,ppr,position_code=0 (-1.8); fp_roll=0 (-0.7); fp_season_avg=0 (-0.7)
2026,3,2026_03_NYJ_DET,2026-09-27,00-0034959,Andrew Beck,RB,NYJ,DET,0,6.5,47.5,20.5,4.0,False,0.05,0.14333333333333334,0.09,,,9,0,0.85,-0.25,2.15,0.85,,upcoming,,ppr,depth_rank_filled=4 (-1.0); fp_roll=0 (-0.7); fp_season_avg=0 (-0.7)
2026,3,2026_03_NYJ_DET,2026-09-27,00-0037755,Jelani Woods,TE,NYJ,DET,0,6.5,47.5,20.5,5.0,False,0.28,0.29000000000000004,0.26,,,36,2,0.85,-0.25,2.15,0.85,,upcoming,,ppr,fp_season_avg=0 (-0.9); fp_roll=0 (-0.9); depth_rank_filled=5 (-0.3)
2026,3,2026_03_NE_JAX,2026-09-27,00-0041106,C.J. Williams,WR,JAX,NE,1,3.0,46.5,24.75,6.0,False,0.18,0.18,0.18,,,2,2,0.85,-0.25,2.15,0.85,,upcoming,,ppr,depth_rank_filled=6 (-0.9); fp_season_avg=0 (-0.8); fp_roll=0 (-0.7)
2026,3,2026_03_LV_NO,2026-09-27,00-0039407,Dylan Laube,RB,LV,NO,0,3.0,43.5,20.25,3.0,False,0.13,0.09333333333333334,0.14,,,36,2,0.84,-0.26,2.14,0.84,,upcoming,,ppr,fp_season_avg=0 (-0.8); fp_roll=0 (-0.7); depth_rank_filled=3 (-0.4)
2026,3,2026_03_ARI_SF,2026-09-27,00-0036646,Simi Fehoko,WR,ARI,SF,0,8.5,47.5,19.5,5.0,False,0.12,0.16000000000000003,0.1,,,48,2,0.83,-0.27,2.13,0.83,,upcoming,,ppr,fp_season_avg=0 (-0.8); depth_rank_filled=5 (-0.8); fp_roll=0 (-0.7)
2026,3,2026_03_NE_JAX,2026-09-27,00-0038564,Cameron Latu,TE,NE,JAX,0,3.0,46.5,21.75,3.0,False,0.25,0.18333333333333335,0.125,,,18,2,0.82,-0.28,2.12,0.82,,upcoming,,ppr,fp_season_avg=0 (-0.9); fp_roll=0 (-0.9); injury_analog_delta=-1.75 (-0.3)
2026,3,2026_03_ATL_GB,2026-09-24,00-0040948,J. Michael Sturdivant,WR,GB,ATL,1,4.5,43.5,24.0,6.0,False,0.15,0.15,0.15,,,2,2,0.82,-0.28,2.12,0.82,,played,5.2,ppr,depth_rank_filled=6 (-0.9); fp_season_avg=0 (-0.8); fp_roll=0 (-0.7)
2026,3,2026_03_MIN_TB,2026-09-27,00-0039050,Payne Durham,TE,TB,MIN,1,-1.5,42.5,20.5,2.0,True,0.06,0.15,0.09,,,53,2,0.82,-0.28,2.12,0.82,,upcoming,,ppr,fp_roll=0 (-0.6); fp_season_avg=0 (-0.6); injury_analog_delta=-1.75 (-0.4)
2026,3,2026_03_BAL_DAL,2026-09-27,00-0037077,Sam Howell,QB,DAL,BAL,1,-3.5,53.5,25.0,2.0,False,0.0,0.0,0.0,,,70,2,0.82,-0.28,2.12,0.82,,upcoming,,ppr,position_code=0 (-1.3); fp_roll=0 (-0.7); fp_season_avg=0 (-0.7)
2026,3,2026_03_NYJ_DET,2026-09-27,00-0041056,Cade Klubnik,QB,NYJ,DET,0,6.5,47.5,20.5,2.0,False,0.0,0.0,0.0,,,2,2,0.82,-0.28,2.12,0.82,,upcoming,,ppr,position_code=0 (-1.7); fp_roll=0 (-0.7); fp_season_avg=0 (-0.7)
2026,3,2026_03_NE_JAX,2026-09-27,00-0040718,Travis Hunter,WR,JAX,NE,1,3.0,46.5,24.75,5.0,False,0.1,0.3466666666666667,0.085,,,0,0,0.81,-0.29,2.11,0.81,,upcoming,,ppr,depth_rank_filled=5 (-0.8); fp_season_avg=0 (-0.8); fp_roll=0 (-0.7)
2026,3,2026_03_PHI_CHI,2026-09-28,00-0038498,E.J. Jenkins,TE,PHI,CHI,0,-4.5,41.5,23.0,3.0,False,0.33,0.14666666666666667,0.17500000000000002,,,12,2,0.79,-0.31,2.09,0.79,,upcoming,,ppr,fp_roll=0 (-0.9); fp_season_avg=0 (-0.9); injury_analog_delta=-1.75 (-0.3)
2026,3,2026_03_BAL_DAL,2026-09-27,00-0037120,Tyler Goodson,RB,DAL,BAL,1,-3.5,53.5,25.0,3.0,False,0.05,0.043333333333333335,0.0,,,42,1,0.78,-0.32,2.08,0.78,,upcoming,,ppr,depth_rank_filled=3 (-1.1); fp_season_avg=0 (-0.7); snap_pct_last=0.05 (-0.4)
2026,3,2026_03_SEA_WAS,2026-09-27,00-0041117,Athan Kaliakmanis,QB,WAS,SEA,1,-7.5,40.5,16.5,3.0,False,0.0,0.0,0.0,,,2,2,0.77,-0.33,2.07,0.77,,upcoming,,ppr,fp_season_avg=0 (-0.7); depth_rank_filled=3 (-0.5); implied_team_total=16.5 (+0.3)
2026,3,2026_03_BAL_DAL,2026-09-27,00-0035993,Tyler Huntley,QB,BAL,DAL,0,-3.5,53.5,28.5,2.0,True,1.0,0.5499999999999999,0.0,,,79,2,0.77,-0.33,2.07,0.77,,upcoming,,ppr,position_code=0 (-1.6); fp_roll=0 (-1.3); fp_season_avg=0 (-1.0)
2026,3,2026_03_PHI_CHI,2026-09-28,00-0038400,Tanner McKee,QB,PHI,CHI,0,-4.5,41.5,23.0,3.0,True,1.0,0.4366666666666667,0.0,,,53,2,0.76,0.02,1.39,0.76,,upcoming,,ppr,snap_pct_season=0 (-1.6); fp_season_avg=0 (-1.2); position_code=0 (-1.0)
2026,3,2026_03_SEA_WAS,2026-09-27,00-0040164,Jaylin Lane,WR,WAS,SEA,1,-7.5,40.5,16.5,6.0,False,0.15,0.14333333333333334,0.20500000000000002,Limited Participation in Practice,Groin,17,2,0.75,0.01,1.38,0.75,,upcoming,,ppr,depth_rank_filled=6 (-0.7); snap_pct_last=0.15 (-0.6); fp_season_avg=0.7 (-0.5)
2026,3,2026_03_ARI_SF,2026-09-27,00-0037004,Hunter Long,TE,ARI,SF,0,8.5,47.5,19.5,3.0,False,0.3,0.31999999999999995,0.32499999999999996,,,74,2,0.75,0.0,1.37,0.75,,upcoming,,ppr,fp_season_avg=0 (-0.9); fp_roll=0 (-0.9); injury_analog_delta=-1.75 (-0.2)
2026,3,2026_03_TEN_NYG,2026-09-27,00-0036876,Kylen Granson,TE,TEN,NYG,0,2.5,38.5,18.0,4.0,False,0.0,0.32,0.0,,,87,2,0.74,-0.0,1.37,0.74,,upcoming,,ppr,depth_rank_filled=4 (-0.9); snap_pct_last=0 (-0.8); fp_season_avg=0 (-0.6)
2026,3,2026_03_ATL_GB,2026-09-24,00-0038589,Josh Whyle,TE,GB,ATL,1,4.5,43.5,24.0,3.0,False,0.0,0.2966666666666667,0.08,,,43,2,0.74,-0.01,1.36,0.74,,played,0.0,ppr,fp_season_avg=0 (-0.5); snap_pct_last=0 (-0.5); fp_roll=0.467 (-0.4)
2026,3,2026_03_NE_JAX,2026-09-27,00-0040238,LeQuint Allen Jr.,RB,JAX,NE,1,3.0,46.5,24.75,3.0,False,0.15,0.11666666666666665,0.08499999999999999,Limited Participation in Practice,Hip,19,2,0.73,-0.02,1.35,0.73,,upcoming,,ppr,fp_season_avg=0 (-0.6); fp_roll=0 (-0.5); depth_rank_filled=3 (-0.5)
2026,3,2026_03_CIN_PIT,2026-09-27,00-0041490,Eli Heidenreich,RB,PIT,CIN,1,-3.5,42.5,19.5,3.0,False,0.0,0.02,0.02,,,2,2,0.73,-0.01,1.36,0.73,,upcoming,,ppr,fp_season_avg=0 (-0.7); depth_rank_filled=3 (-0.5); snap_pct_last=0 (-0.4)
2026,3,2026_03_CIN_PIT,2026-09-27,00-0041398,Riley Nowakowski,RB,PIT,CIN,1,-3.5,42.5,19.5,,False,0.03,0.075,0.075,,,0,0,0.73,-0.02,1.35,0.73,,upcoming,,ppr,fp_season_avg=0 (-0.7); fp_roll=0 (-0.7); depth_rank_filled=9 (-0.5)
2026,3,2026_03_ARI_SF,2026-09-27,00-0041070,Reggie Virgil,WR,ARI,SF,0,8.5,47.5,19.5,7.0,False,0.0,0.0,0.0,,,2,2,0.73,-0.01,1.36,0.73,,upcoming,,ppr,depth_rank_filled=7 (-2.5); fp_season_avg=0 (-0.7); snap_pct_last=0 (-0.6)
2026,3,2026_03_TEN_NYG,2026-09-27,00-0031484,Chris Manhertz,TE,NYG,TEN,1,2.5,38.5,20.5,,False,0.31,0.3233333333333333,0.32999999999999996,,,166,2,0.73,-0.01,1.36,0.73,,upcoming,,ppr,fp_season_avg=0 (-0.9); fp_roll=0 (-0.9); depth_rank_filled=9 (-0.2)
2026,3,2026_03_MIN_TB,2026-09-27,00-0039589,Kameron Johnson,WR,TB,MIN,1,-1.5,42.5,20.5,6.0,False,0.0,0.03,0.045,,,27,2,0.7,-0.04,1.33,0.7,,upcoming,,ppr,depth_rank_filled=6 (-0.8); fp_season_avg=0 (-0.7); snap_pct_last=0 (-0.7)
2026,3,2026_03_ARI_SF,2026-09-27,00-0040172,Jordan Watkins,WR,SF,ARI,1,8.5,47.5,28.0,5.0,False,0.12,0.09666666666666666,0.0,,,19,2,0.69,-0.05,1.32,0.69,,upcoming,,ppr,depth_rank_filled=5 (-1.9); fp_season_avg=0 (-0.8); snap_pct_last=0.12 (-0.5)
2026,3,2026_03_NYJ_DET,2026-09-27,00-0034270,Tyler Conklin,TE,DET,NYJ,1,6.5,47.5,27.0,3.0,False,0.06,0.17,0.095,,,135,2,0.69,-0.06,1.31,0.69,,upcoming,,ppr,fp_season_avg=0 (-0.6); fp_roll=0.533 (-0.5); snap_pct_last=0.06 (-0.4)
2026,3,2026_03_CIN_PIT,2026-09-27,00-0040534,Ke'Shawn Williams,WR,CIN,PIT,0,-3.5,42.5,23.0,5.0,False,0.03,0.06666666666666667,0.0,,,14,2,0.69,-0.06,1.31,0.69,,upcoming,,ppr,depth_rank_filled=5 (-1.7); snap_pct_last=0.03 (-0.8); fp_season_avg=0 (-0.7)
2026,3,2026_03_ATL_GB,2026-09-24,00-0028118,Tyrod Taylor,QB,GB,ATL,1,4.5,43.5,24.0,2.0,True,0.1,0.7000000000000001,0.0,,,157,2,0.68,-0.06,1.31,0.68,,played,0.0,ppr,position_code=0 (-1.1); fp_season_avg=0 (-0.7); fp_roll=0 (-0.7)
2026,3,2026_03_LA_DEN,2026-09-27,00-0035264,Jarrett Stidham,QB,DEN,LA,1,-2.5,44.5,21.0,2.0,False,0.06,0.06,0.0,,,110,2,0.67,-0.08,1.29,0.67,,upcoming,,ppr,position_code=0 (-1.1); fp_season_avg=0 (-0.7); fp_roll=0 (-0.7)
2026,3,2026_03_KC_MIA,2026-09-27,00-0036945,Justin Fields,QB,KC,MIA,0,-10.5,45.5,28.0,2.0,True,0.01,0.6699999999999999,0.01,,,84,2,0.66,-0.08,1.29,0.66,,upcoming,,ppr,fp_season_avg=0 (-0.7); fp_roll=0 (-0.6); position_code=0 (-0.6)
2026,3,2026_03_PHI_CHI,2026-09-28,00-0039021,Roschon Johnson,RB,CHI,PHI,1,-4.5,41.5,18.5,3.0,False,0.01,0.0033333333333333335,0.005,,,46,2,0.65,-0.1,1.27,0.65,,upcoming,,ppr,fp_season_avg=0 (-0.7); depth_rank_filled=3 (-0.6); snap_pct_last=0.01 (-0.4)
2026,3,2026_03_HOU_IND,2026-09-27,00-0039164,Anthony Richardson,QB,IND,HOU,1,-1.5,42.5,20.5,2.0,False,0.11,0.11499999999999999,0.0,,,30,2,0.64,-0.11,1.26,0.64,,upcoming,,ppr,position_code=0 (-1.1); fp_season_avg=0 (-0.7); fp_roll=0 (-0.7)
2026,3,2026_03_NYJ_DET,2026-09-27,00-0038896,Jacob Saylors,RB,DET,NYJ,1,6.5,47.5,27.0,3.0,False,0.0,0.0,0.0,,,19,2,0.64,-0.1,1.27,0.64,,upcoming,,ppr,fp_season_avg=0 (-0.7); depth_rank_filled=3 (-0.6); snap_pct_last=0 (-0.5)
2026,3,2026_03_CIN_PIT,2026-09-27,00-0040208,Tahj Brooks,RB,CIN,PIT,0,-3.5,42.5,23.0,3.0,False,0.02,0.016666666666666666,0.025,,,19,2,0.64,-0.1,1.27,0.64,,upcoming,,ppr,fp_season_avg=0 (-0.7); depth_rank_filled=3 (-0.5); snap_pct_last=0.02 (-0.4)
2026,3,2026_03_TEN_NYG,2026-09-27,00-0037594,Julius Chestnut,RB,TEN,NYG,0,2.5,38.5,18.0,4.0,False,0.0,0.0,0.0,,,48,2,0.64,-0.1,1.27,0.64,,upcoming,,ppr,fp_season_avg=0 (-0.7); depth_rank_filled=4 (-0.6); snap_pct_last=0 (-0.4)
2026,3,2026_03_BAL_DAL,2026-09-27,00-0040930,Camden Brown,WR,DAL,BAL,1,-3.5,53.5,25.0,6.0,False,0.0,0.0,0.0,,,2,2,0.62,-0.12,1.25,0.62,,upcoming,,ppr,depth_rank_filled=6 (-2.2); fp_season_avg=0 (-0.7); snap_pct_last=0 (-0.6)
2026,3,2026_03_BAL_DAL,2026-09-27,00-0040876,Elijah Sarratt,WR,BAL,DAL,0,-3.5,53.5,28.5,5.0,False,0.0,0.0,0.0,,,2,2,0.62,-0.12,1.25,0.62,,upcoming,,ppr,depth_rank_filled=5 (-2.1); fp_season_avg=0 (-0.7); snap_pct_last=0 (-0.6)
2026,3,2026_03_CIN_PIT,2026-09-27,00-0041397,Kaden Wetjen,WR,PIT,CIN,1,-3.5,42.5,19.5,6.0,False,0.0,0.0,0.0,,,2,2,0.62,-0.12,1.25,0.62,,upcoming,,ppr,depth_rank_filled=6 (-0.9); fp_season_avg=0 (-0.7); snap_pct_last=0 (-0.6)
2026,3,2026_03_LA_DEN,2026-09-27,00-0041399,CJ Daniels,WR,LA,DEN,0,-2.5,44.5,23.5,7.0,False,0.0,0.0,0.0,,,2,2,0.61,-0.14,1.23,0.61,,upcoming,,ppr,depth_rank_filled=7 (-2.4); fp_season_avg=0 (-0.7); snap_pct_last=0 (-0.6)
2026,3,2026_03_MIN_TB,2026-09-27,00-0038951,Sean Tucker,RB,TB,MIN,1,-1.5,42.5,20.5,3.0,False,0.0,0.043333333333333314,0.0,,,53,2,0.61,-0.13,1.24,0.61,,upcoming,,ppr,fp_season_avg=0 (-0.9); depth_rank_filled=3 (-0.5); snap_pct_last=0 (-0.5)
2026,3,2026_03_LV_NO,2026-09-27,00-0039376,Spencer Rattler,QB,NO,LV,1,3.0,43.5,23.25,2.0,True,0.01,0.49,0.0,,,36,2,0.61,-0.13,1.24,0.61,,upcoming,,ppr,position_code=0 (-1.1); fp_season_avg=0 (-0.7); fp_roll=0 (-0.6)
2026,3,2026_03_PHI_CHI,2026-09-28,00-0028986,Case Keenum,QB,CHI,PHI,1,-4.5,41.5,18.5,3.0,False,0.0,0.0,0.0,,,148,2,0.61,-0.13,1.24,0.61,,upcoming,,ppr,fp_season_avg=0 (-0.7); depth_rank_filled=3 (-0.5); fp_roll=0 (-0.3)
2026,3,2026_03_HOU_IND,2026-09-27,00-0036556,Brevin Jordan,TE,HOU,IND,0,-1.5,42.5,22.0,5.0,False,0.0,0.0,0.0,,,55,2,0.6,-0.15,1.22,0.6,,upcoming,,ppr,depth_rank_filled=5 (-1.0); fp_season_avg=0 (-0.6); snap_pct_last=0 (-0.3)
2026,3,2026_03_SEA_WAS,2026-09-27,00-0040621,Montorie Foster Jr,WR,SEA,WAS,0,-7.5,40.5,24.0,5.0,False,0.0,0.0,0.0,,,2,2,0.6,-0.14,1.23,0.6,,upcoming,,ppr,depth_rank_filled=5 (-1.0); fp_season_avg=0 (-0.7); snap_pct_last=0 (-0.6)
2026,3,2026_03_BAL_DAL,2026-09-27,00-0040887,Josh Cuevas,TE,BAL,DAL,0,-3.5,53.5,28.5,4.0,False,0.09,0.09,0.09,,,2,2,0.6,-0.14,1.23,0.6,,upcoming,,ppr,fp_season_avg=0 (-0.8); fp_roll=0 (-0.6); depth_rank_filled=4 (-0.3)
2026,3,2026_03_LV_NO,2026-09-27,00-0039518,Treyton Welch,TE,NO,LV,1,3.0,43.5,23.25,4.0,False,0.07,0.09333333333333334,0.09,,,5,2,0.6,-0.15,1.22,0.6,,upcoming,,ppr,fp_season_avg=0 (-0.7); fp_roll=0 (-0.6); depth_rank_filled=4 (-0.3)
2026,3,2026_03_CIN_PIT,2026-09-27,00-0026158,Joe Flacco,QB,CIN,PIT,0,-3.5,42.5,23.0,2.0,False,0.0,0.060000000000000005,0.0,,,147,2,0.59,-0.15,1.22,0.59,,upcoming,,ppr,fp_season_avg=0 (-0.7); fp_roll=0.0667 (-0.6); position_code=0 (-0.6)
2026,3,2026_03_ARI_SF,2026-09-27,00-0036331,Devin Duvernay,WR,ARI,SF,0,8.5,47.5,19.5,6.0,False,0.0,0.0,0.0,,,92,2,0.59,-0.15,1.22,0.59,,upcoming,,ppr,depth_rank_filled=6 (-0.9); fp_season_avg=0 (-0.7); snap_pct_last=0 (-0.6)
2026,3,2026_03_SEA_WAS,2026-09-27,00-0039355,Luke McCaffrey,WR,WAS,SEA,1,-7.5,40.5,16.5,7.0,True,0.0,0.3500000000000001,0.0,,,28,2,0.59,-0.16,1.21,0.59,,upcoming,,ppr,depth_rank_filled=7 (-1.9); fp_season_avg=0 (-0.7); snap_pct_last=0 (-0.6)
2026,3,2026_03_KC_MIA,2026-09-27,00-0038489,Ben VanSumeren,RB,KC,MIA,0,-10.5,45.5,28.0,,False,0.0,0.013333333333333334,0.02,,,22,2,0.58,0.02,0.95,0.58,,upcoming,,ppr,fp_season_avg=0 (-0.7); depth_rank_filled=9 (-0.6); snap_pct_last=0 (-0.4)
2026,3,2026_03_LA_DEN,2026-09-27,00-0041133,Dallen Bentley,TE,DEN,LA,1,-2.5,44.5,21.0,4.0,False,0.0,0.0,0.0,,,2,2,0.58,-0.16,1.21,0.58,,upcoming,,ppr,depth_rank_filled=4 (-0.8); fp_season_avg=0 (-0.7); fp_roll=0 (-0.3)
2026,3,2026_03_NYJ_DET,2026-09-27,00-0037524,Tay Martin,WR,DET,NYJ,1,6.5,47.5,27.0,5.0,False,0.0,0.03666666666666667,0.0,,,9,2,0.58,0.02,0.95,0.58,,upcoming,,ppr,depth_rank_filled=5 (-0.9); fp_season_avg=0 (-0.7); snap_pct_last=0 (-0.6)
2026,3,2026_03_CAR_CLE,2026-09-27,00-0036825,Feleipe Franks,TE,CAR,CLE,0,-2.5,42.5,22.5,4.0,False,0.06,0.05333333333333334,0.065,,,70,2,0.58,0.02,0.95,0.58,,upcoming,,ppr,fp_season_avg=0 (-0.7); fp_roll=0 (-0.6); depth_rank_filled=4 (-0.3)
2026,3,2026_03_BAL_DAL,2026-09-27,00-0039796,Rasheen Ali,RB,BAL,DAL,0,-3.5,53.5,28.5,3.0,False,0.0,0.05333333333333334,0.0,,,31,2,0.58,0.02,0.95,0.58,,upcoming,,ppr,fp_season_avg=0 (-0.8); depth_rank_filled=3 (-0.6); snap_pct_last=0 (-0.6)
2026,3,2026_03_KC_MIA,2026-09-27,00-0038519,Nikko Remigio,WR,KC,MIA,0,-10.5,45.5,28.0,6.0,False,0.0,0.03000000000000001,0.0,,,22,2,0.57,0.01,0.94,0.57,,upcoming,,ppr,depth_rank_filled=6 (-0.9); fp_season_avg=0 (-0.7); snap_pct_last=0 (-0.6)
2026,3,2026_03_CIN_PIT,2026-09-27,00-0033757,Robert Tonyan,TE,PIT,CIN,1,-3.5,42.5,19.5,3.0,False,0.03,0.03,0.03,,,114,2,0.57,0.01,0.94,0.57,,upcoming,,ppr,fp_season_avg=0 (-0.7); fp_roll=0 (-0.3); depth_rank_filled=3 (-0.3)
2026,3,2026_03_NYJ_DET,2026-09-27,00-0036842,Kene Nwangwu,RB,NYJ,DET,0,6.5,47.5,20.5,4.0,False,0.33,0.17,0.0,Did Not Participate In Practice,Back,60,2,0.56,0.01,0.93,0.56,,upcoming,,ppr,injury_severity=3 (-1.3); injury_analog_fp=3.83 (+0.3); depth_rank_filled=4 (-0.3)
2026,3,2026_03_KC_MIA,2026-09-27,00-0041077,Justin Joly,TE,MIA,KC,1,-10.5,45.5,17.5,4.0,False,0.0,0.0,0.0,,,2,2,0.55,-0.0,0.92,0.55,,upcoming,,ppr,depth_rank_filled=4 (-0.9); fp_season_avg=0 (-0.7); fp_roll=0 (-0.3)
2026,3,2026_03_LAC_BUF,2026-09-27,00-0041443,Skyler Bell,WR,BUF,LAC,1,7.0,50.5,28.75,5.0,False,0.0,0.0,0.0,,,2,2,0.55,-0.01,0.92,0.55,,upcoming,,ppr,depth_rank_filled=5 (-2.0); fp_season_avg=0 (-0.7); snap_pct_last=0 (-0.6)
2026,3,2026_03_KC_MIA,2026-09-27,00-0039824,Jared Wiley,TE,KC,MIA,0,-10.5,45.5,28.0,4.0,False,0.19,0.11666666666666665,0.0,,,26,2,0.54,-0.02,0.91,0.54,,upcoming,,ppr,fp_season_avg=0 (-0.8); depth_rank_filled=4 (-0.4); fp_roll=0 (-0.3)
2026,3,2026_03_LAC_BUF,2026-09-27,00-0034577,Kyle Allen,QB,BUF,LAC,1,7.0,50.5,28.75,2.0,False,0.13,0.08333333333333333,0.0,,,113,2,0.53,-0.02,0.9,0.53,,upcoming,,ppr,position_code=0 (-1.1); fp_season_avg=0 (-0.7); fp_roll=0 (-0.7)
2026,3,2026_03_LAC_BUF,2026-09-27,00-0039489,Hayden Rucci,TE,LAC,BUF,0,7.0,50.5,21.75,3.0,False,0.04,0.1733333333333333,0.0,,,5,0,0.52,-0.03,0.89,0.52,,upcoming,,ppr,fp_season_avg=0 (-0.7); depth_rank_filled=3 (-0.6); fp_roll=0 (-0.4)
2026,3,2026_03_LAC_BUF,2026-09-27,00-0041550,Brenen Thompson,WR,LAC,BUF,0,7.0,50.5,21.75,4.0,False,0.18,0.18,0.18,Did Not Participate In Practice,Quadricep,2,2,0.51,-0.05,0.88,0.51,,upcoming,,ppr,injury_severity=3 (-1.3); snap_pct_last=0.18 (-1.1); depth_rank_filled=4 (-0.4)
2026,3,2026_03_NE_JAX,2026-09-27,00-0041314,Tanner Arkin,TE,NE,JAX,0,3.0,46.5,21.75,4.0,False,0.0,0.0,0.0,,,2,2,0.5,-0.06,0.87,0.5,,upcoming,,ppr,fp_season_avg=0 (-0.7); depth_rank_filled=4 (-0.3); snap_pct_last=0 (-0.3)
2026,3,2026_03_CAR_CLE,2026-09-27,00-0041131,Carsen Ryan,TE,CLE,CAR,1,-2.5,42.5,20.0,3.0,False,0.02,0.01,0.01,,,2,2,0.5,-0.06,0.87,0.5,,upcoming,,ppr,fp_season_avg=0 (-0.7); depth_rank_filled=3 (-0.3); fp_roll=0 (-0.3)
2026,3,2026_03_CIN_PIT,2026-09-27,00-0041116,Jack Endries,TE,CIN,PIT,0,-3.5,42.5,23.0,4.0,False,0.02,0.02,0.02,,,2,2,0.5,-0.06,0.87,0.5,,upcoming,,ppr,fp_season_avg=0 (-0.7); depth_rank_filled=4 (-0.3); fp_roll=0 (-0.3)
2026,3,2026_03_KC_MIA,2026-09-27,00-0041579,Seydou Traore,TE,MIA,KC,1,-10.5,45.5,17.5,3.0,False,0.0,0.0,0.0,Full Participation in Practice,Thumb,2,2,0.5,-0.06,0.87,0.5,,upcoming,,ppr,fp_season_avg=0 (-0.7); depth_rank_filled=3 (-0.4); fp_roll=0 (-0.3)
2026,3,2026_03_MIN_TB,2026-09-27,00-0040215,Gavin Bartholomew,TE,MIN,TB,0,-1.5,42.5,22.0,3.0,False,0.0,0.0,0.0,,,2,2,0.49,-0.07,0.86,0.49,,upcoming,,ppr,fp_season_avg=0 (-0.7); depth_rank_filled=3 (-0.3); fp_roll=0 (-0.3)
2026,3,2026_03_NYJ_DET,2026-09-27,00-0040390,Jackson Meeks,TE,DET,NYJ,1,6.5,47.5,27.0,4.0,False,0.02,0.013333333333333334,0.01,,,4,2,0.47,-0.08,0.84,0.47,,upcoming,,ppr,fp_season_avg=0 (-0.7); depth_rank_filled=4 (-0.4); snap_pct_last=0.02 (-0.3)
2026,3,2026_03_MIN_TB,2026-09-27,00-0041094,Bauer Sharp,TE,TB,MIN,1,-1.5,42.5,20.5,4.0,False,0.05,0.035,0.035,,,2,2,0.47,-0.08,0.84,0.47,,upcoming,,ppr,fp_season_avg=0 (-0.7); fp_roll=0 (-0.4); depth_rank_filled=4 (-0.3)
2026,3,2026_03_NE_JAX,2026-09-27,00-0041084,Tanner Koziol,TE,JAX,NE,1,3.0,46.5,24.75,4.0,False,0.0,0.0,0.0,,,2,2,0.44,-0.11,0.81,0.44,,upcoming,,ppr,depth_rank_filled=4 (-0.8); fp_season_avg=0 (-0.7); fp_roll=0 (-0.3)
2026,3,2026_03_ARI_SF,2026-09-27,00-0041561,Carson Beck,QB,ARI,SF,0,8.5,47.5,19.5,3.0,False,0.0,0.0,0.0,,,2,2,0.43,-0.12,0.8,0.43,,upcoming,,ppr,fp_season_avg=0 (-0.7); depth_rank_filled=3 (-0.4); position_code=0 (-0.3)
2026,3,2026_03_LA_DEN,2026-09-27,00-0041510,Max Klare,TE,LA,DEN,0,-2.5,44.5,23.5,5.0,False,0.0,0.0,0.0,,,2,2,0.43,-0.13,0.8,0.43,,upcoming,,ppr,fp_season_avg=0 (-0.7); depth_rank_filled=5 (-0.4); snap_pct_last=0 (-0.3)
2026,3,2026_03_CAR_CLE,2026-09-27,00-0039356,Ja'Tavion Sanders,TE,CAR,CLE,0,-2.5,42.5,22.5,5.0,True,0.02,0.3733333333333333,0.0,,,35,2,0.43,-0.12,0.8,0.43,,upcoming,,ppr,fp_season_avg=0 (-0.7); depth_rank_filled=5 (-0.4); snap_pct_last=0.02 (-0.2)
2026,3,2026_03_MIN_TB,2026-09-27,00-0037311,Ko Kieft,TE,TB,MIN,1,-1.5,42.5,20.5,3.0,False,0.0,0.08,0.01,,,56,2,0.41,-0.15,0.78,0.41,,upcoming,,ppr,fp_season_avg=0 (-0.7); fp_roll=0 (-0.3); depth_rank_filled=3 (-0.3)
2026,3,2026_03_LV_NO,2026-09-27,00-0041099,Barion Brown,WR,NO,LV,1,3.0,43.5,23.25,4.0,False,0.03,0.055,0.055,Did Not Participate In Practice,Hamstring,2,2,0.39,-0.17,0.76,0.39,,upcoming,,ppr,injury_severity=3 (-1.0); injury_analog_fp=5.81 (+0.3); snap_pct_last=0.03 (-0.3)
2026,3,2026_03_TEN_NYG,2026-09-27,00-0040225,Thomas Fidone II,TE,NYG,TEN,1,2.5,38.5,20.5,3.0,False,0.0,0.06333333333333334,0.0,,,13,2,0.39,-0.16,0.76,0.39,,upcoming,,ppr,fp_season_avg=0 (-0.7); depth_rank_filled=3 (-0.4); fp_roll=0 (-0.3)
2026,3,2026_03_CIN_PIT,2026-09-27,00-0040203,Will Howard,QB,PIT,CIN,1,-3.5,42.5,19.5,3.0,False,0.0,0.0,0.0,,,10,2,0.39,-0.17,0.76,0.39,,upcoming,,ppr,depth_rank_filled=3 (-0.9); fp_season_avg=0 (-0.7); position_code=0 (-0.5)
2026,3,2026_03_CIN_PIT,2026-09-27,00-0041565,Drew Allar,QB,PIT,CIN,1,-3.5,42.5,19.5,4.0,False,0.0,0.0,0.0,,,2,2,0.39,-0.17,0.76,0.39,,upcoming,,ppr,depth_rank_filled=4 (-0.9); fp_season_avg=0 (-0.7); position_code=0 (-0.5)
2026,3,2026_03_LA_DEN,2026-09-27,00-0036879,Sam Ehlinger,QB,DEN,LA,1,-2.5,44.5,21.0,3.0,False,0.0,0.0,0.0,,,73,2,0.38,-0.18,0.75,0.38,,upcoming,,ppr,fp_season_avg=0 (-0.7); depth_rank_filled=3 (-0.6); position_code=0 (-0.5)
2026,3,2026_03_PHI_CHI,2026-09-28,00-0027973,Andy Dalton,QB,PHI,CHI,0,-4.5,41.5,23.0,2.0,True,1.0,0.5,0.0,,,160,2,0.38,-0.18,0.75,0.38,,upcoming,,ppr,position_code=0 (-1.6); fp_roll=0 (-1.3); fp_season_avg=0 (-1.0)
2026,3,2026_03_NE_JAX,2026-09-27,00-0041123,Behren Morton,QB,NE,JAX,0,3.0,46.5,21.75,3.0,False,0.0,0.0,0.0,,,2,2,0.35,-0.21,0.72,0.35,,upcoming,,ppr,fp_season_avg=0 (-0.7); depth_rank_filled=3 (-0.5); position_code=0 (-0.5)
2026,3,2026_03_CAR_CLE,2026-09-27,00-0041092,Taylen Green,QB,CLE,CAR,1,-2.5,42.5,20.0,3.0,False,0.0,0.0,0.0,,,2,2,0.33,-0.23,0.7,0.33,,upcoming,,ppr,fp_season_avg=0 (-0.7); depth_rank_filled=3 (-0.6); position_code=0 (-0.5)
2026,3,2026_03_PHI_CHI,2026-09-28,00-0040891,Cole Payton,QB,PHI,CHI,0,-4.5,41.5,23.0,4.0,False,0.0,0.0,0.0,,,2,2,0.32,-0.24,0.69,0.32,,upcoming,,ppr,fp_season_avg=0 (-0.7); depth_rank_filled=4 (-0.5); position_code=0 (-0.5)
2026,3,2026_03_LA_DEN,2026-09-27,00-0041568,Ty Simpson,QB,LA,DEN,0,-2.5,44.5,23.5,3.0,False,0.0,0.0,0.0,,,2,2,0.31,-0.25,0.68,0.31,,upcoming,,ppr,fp_season_avg=0 (-0.7); position_code=0 (-0.5); depth_rank_filled=3 (-0.5)
2026,3,2026_03_KC_MIA,2026-09-27,00-0040906,Garrett Nussmeier,QB,KC,MIA,0,-10.5,45.5,28.0,3.0,False,0.0,0.0,0.0,,,2,2,0.3,-0.26,0.67,0.3,,upcoming,,ppr,fp_season_avg=0 (-0.7); position_code=0 (-0.5); depth_rank_filled=3 (-0.5)
2026,3,2026_03_SEA_WAS,2026-09-27,00-0040673,Jalen Milroe,QB,SEA,WAS,0,-7.5,40.5,24.0,3.0,False,0.02,0.02,0.0,,,19,2,0.3,-0.26,0.67,0.3,,upcoming,,ppr,fp_season_avg=0 (-0.7); position_code=0 (-0.3); depth_rank_filled=3 (-0.3)
2026,3,2026_03_LV_NO,2026-09-27,00-0037013,Zach Wilson,QB,NO,LV,1,3.0,43.5,23.25,3.0,False,0.05,0.08666666666666667,0.0,,,86,2,0.29,-0.26,0.66,0.29,,upcoming,,ppr,fp_season_avg=0 (-0.7); position_code=0 (-0.3); depth_rank_filled=3 (-0.3)
2026,3,2026_03_BAL_DAL,2026-09-27,00-0040981,Joe Fagnano,QB,BAL,DAL,0,-3.5,53.5,28.5,3.0,False,0.0,0.0,0.0,,,2,2,0.29,-0.27,0.66,0.29,,upcoming,,ppr,fp_season_avg=0 (-0.7); depth_rank_filled=3 (-0.5); position_code=0 (-0.5)
2026,3,2026_03_ARI_SF,2026-09-27,00-0040589,Kurtis Rourke,QB,SF,ARI,1,8.5,47.5,28.0,3.0,False,0.0,0.0,0.0,,,2,2,0.29,-0.26,0.66,0.29,,upcoming,,ppr,fp_season_avg=0 (-0.7); position_code=0 (-0.5); depth_rank_filled=3 (-0.5)
2026,3,2026_03_CAR_CLE,2026-09-27,00-0041149,Haynes King,QB,CAR,CLE,0,-2.5,42.5,22.5,3.0,False,0.0,0.0,0.0,,,2,2,0.26,-0.3,0.63,0.26,,upcoming,,ppr,fp_season_avg=0 (-0.7); depth_rank_filled=3 (-0.5); position_code=0 (-0.5)
2026,3,2026_03_HOU_IND,2026-09-27,00-0035021,Ashton Dulin,WR,IND,HOU,1,-1.5,42.5,20.5,5.0,False,0.19,0.22666666666666666,0.19,Did Not Participate In Practice,Ankle,88,2,0.21,-0.35,0.58,0.21,,upcoming,,ppr,injury_severity=3 (-0.7); snap_pct_last=0.19 (-0.6); depth_rank_filled=5 (-0.5)
2026,3,2026_03_LV_NO,2026-09-27,00-0038579,Aidan O'Connell,QB,LV,NO,0,3.0,43.5,20.25,3.0,True,0.82,0.82,0.0,Did Not Participate In Practice,Not injury related - personal matter,39,2,0.07,-0.49,0.44,0.07,,upcoming,,ppr,injury_severity=3 (-1.7); snap_pct_season=0 (-0.5); position_code=0 (-0.5)
2026,3,2026_03_ATL_GB,2026-09-24,00-0039146,Jayden Reed,WR,GB,ATL,1,4.5,43.5,24.0,2.0,True,0.03,0.25333333333333335,0.3,Out,Neck,43,2,0.0,0.0,0.0,-0.3,ruled out on nflverse injury report -> 0,played,0.0,ppr,injury_severity=4 (-3.4); injury_analog_delta=-5.45 (-0.5); snap_pct_last=0.03 (-0.4)
